decision,live_markets,ex_ante_portfolio_volatility,portfolio_scaling_constant,gross_notional_multiple
1980-12-31,5,0.13447869989024086,0.7436121860310833,0.6676303912231002
1981-01-30,5,0.2640967145559548,0.3786491633117714,0.48321462092609496
1981-02-27,7,0.15278910517764838,0.6544969281921619,0.7478849106176696
1981-03-31,9,0.06767656571740027,1.4776163497653527,0.9715847812605348
1981-04-30,10,0.18483996987232393,0.541008527912409,0.6361672794240841
1981-05-29,10,0.23496988524574317,0.4255864528997622,0.4801064405008427
1981-06-30,10,0.3557988393000735,0.28105769034187894,0.511118984954633
1981-07-31,10,0.20319306360155082,0.4921427839490323,0.45160865007092255
1981-08-31,11,0.25384163724035197,0.3939464033054365,0.6189658951052585
1981-09-30,13,0.23609867141611623,0.4235517269123182,0.6017515712761424
1981-10-30,15,0.21713936803320388,0.4605337157687062,0.5710736893178786
1981-11-30,16,0.29443799325797454,0.3396300826992259,0.6043997157056539
1981-12-31,17,0.2843127928782996,0.35172529166777633,0.6140509645133605
1982-01-29,17,0.19590347736980102,0.510455461753918,0.6079907889545493
1982-02-26,20,0.26197648770260623,0.38171364490358106,0.9429774097100239
1982-03-31,21,0.2024785883173215,0.49387938167210776,0.8847474815394887
1982-04-30,22,0.11326877233198883,0.8828558652238387,1.280627978263866
1982-05-31,22,0.2383891581408905,0.41948216428911145,1.0969872944760108
1982-06-30,22,0.21861684323699476,0.4574212970937173,1.0144598833976208
1982-07-30,22,0.16835739709449737,0.5939744954827911,1.1133558003939041
1982-08-31,22,0.1339246113504087,0.7466887451952634,1.4043210145994096
1982-09-30,22,0.17655445326052588,0.5663974946723026,1.0775849762048602
1982-10-29,22,0.12902008251942973,0.7750731362688482,1.2585919166936206
1982-11-30,23,0.052130953869532426,1.9182461201509744,2.077708808632868
1982-12-31,23,0.0617607612370201,1.6191510272392637,2.122922285577753
1983-01-31,23,0.10468801499593185,0.9552191815260418,1.4404382374234839
1983-02-28,23,0.09433033333215995,1.060104384958291,1.901559014295869
1983-03-31,23,0.09397866829386205,1.0640712601641666,1.5460595111783977
1983-04-29,23,0.08120917288978635,1.2313879878534875,2.000591216659597
1983-05-31,23,0.08849661544089614,1.1299867175913252,1.7611257871665775
1983-06-30,23,0.06341211263787451,1.576985781424233,2.58335952147818
1983-07-29,23,0.11732391292521743,0.8523411596725406,1.4332641557305903
1983-08-31,23,0.1031390245337409,0.9695651132252663,1.64029714785744
1983-09-30,23,0.08103455610806842,1.2340414361823504,2.179152907177458
1983-10-31,23,0.08389591479757298,1.1919531510119834,1.9072255914374796
1983-11-30,23,0.09030381002261363,1.1073729887471888,1.941496346684619
1983-12-30,23,0.11062085077951331,0.9039887082347385,1.4670103129816354
1984-01-31,23,0.13559925456975544,0.73746718090222,1.3369853988609415
1984-02-29,23,0.08568316538522866,1.1670904027693576,1.6543641729782401
1984-03-30,24,0.12740726746877165,0.7848845830125872,1.8544210703493889
1984-04-30,24,0.1571373953577173,0.6363857551052937,1.6163397637778578
1984-05-31,24,0.15837187349761755,0.6314252511605499,1.5684040834365467
1984-06-29,23,0.13605033397458405,0.735022083949322,1.341963544244137
1984-07-31,24,0.17517229555450775,0.5708665270581178,1.2312603335190526
1984-08-31,24,0.10221301531794877,0.9783489870535093,1.5085946648720054
1984-09-28,24,0.15057530800649935,0.6641195115183405,1.4308158018051955
1984-10-31,23,0.10428626600913606,0.9588990365350645,2.0139366825401366
1984-11-30,23,0.17432352146291136,0.5736460528149425,1.4127155307308175
1984-12-31,23,0.18577104100621605,0.5382970319720279,1.2003943465155718
1985-01-31,23,0.09720624984892644,1.0287404375275817,2.494551768762304
1985-02-28,24,0.186859668765687,0.5351609614881379,1.3780123098290438
1985-03-29,24,0.09874776238399609,1.012681174598513,1.417936152591246
1985-04-30,25,0.11366349631548069,0.8797899346897026,1.3810280176202223
1985-05-31,25,0.1332235867333268,0.7506178331632046,1.3262888775811859
1985-06-28,25,0.14517968975799675,0.6888015821406716,1.3223578475565063
1985-07-31,25,0.1465653713831283,0.6822894047639372,1.2927688171031795
1985-08-30,24,0.12658924681147157,0.7899565130435546,1.329722669231763
1985-09-30,25,0.08450324040574016,1.1833865721580918,2.046581119247315
1985-10-31,25,0.11238436354598469,0.8898034997464987,1.9394279320480714
1985-11-29,25,0.11178612793785653,0.8945653798438337,1.9785375071793136
1985-12-31,25,0.0925324509550491,1.0807019479963687,2.2042573751226016
1986-01-31,26,0.1307888312836507,0.764591280605017,1.6773940242748524
1986-02-28,27,0.11741810595166935,0.8516574099837819,1.5533859336614266
1986-03-31,27,0.09725533103144773,1.0282212701292928,1.6277426106514805
1986-04-30,27,0.09505060335558928,1.052071175454771,1.710698519013965
1986-05-30,27,0.07964503080954112,1.255571113270515,1.8419512166793137
1986-06-30,27,0.11741137556856526,0.8517062296199958,1.2866901807572466
1986-07-31,27,0.08965522737516027,1.1153839316200969,1.5184982075286684
1986-08-29,27,0.11693961699196835,0.8551421885268207,1.5024132805115806
1986-09-30,27,0.03769739281657842,2.6527033444080086,2.532636170066665
1986-10-31,27,0.0641293382510202,1.559348696357539,1.9681859640260047
1986-11-28,27,0.06887490071818066,1.451907719027802,2.3236307999690253
1986-12-31,26,0.09185549106737373,1.0886665439157304,2.0005072862249333
1987-01-30,26,0.12724489164950642,0.7858861656737314,1.7955923822679072
1987-02-27,27,0.12237128145450323,0.8171851991039196,1.8284455484492963
1987-03-31,27,0.159440044302493,0.6271950088666427,1.3183145992096286
1987-04-30,27,0.16355031856531946,0.6114326213315295,1.242558556617835
1987-05-29,27,0.11824708822884404,0.8456867860159873,1.2291706348722475
1987-06-30,27,0.10263535291706347,0.9743231465361355,1.251600802598469
1987-07-31,27,0.10869990745228884,0.9199639847337732,1.6875852964648947
1987-08-31,27,0.08072278023934053,1.2388076786193825,2.0366034460865063
1987-09-30,27,0.0828980160528418,1.206301486591149,2.232646041183945
1987-10-30,27,0.07696202460464681,1.2993421172805557,1.6973437893587349
1987-11-30,27,0.11324064292567305,0.8830751699779406,1.450749044043998
1987-12-31,27,0.10950570840491933,0.9131944028911255,1.6423463506453098
1988-01-29,27,0.09036429005613822,1.1066318336355618,1.6374364330775744
1988-02-29,27,0.09638401028548542,1.0375164895484652,1.776894700663549
1988-03-31,27,0.07385191637296662,1.3540610035761353,2.2818684249164436
1988-04-29,27,0.09577472880078516,1.0441167649558534,1.856826767516088
1988-05-31,27,0.12464487520690148,0.8022792740897469,1.6696143831394703
1988-06-30,27,0.14050388145389278,0.7117241101472035,1.265152058488763
1988-07-29,27,0.0699223977337279,1.4301569059575288,1.8184129265367417
1988-08-31,27,0.09604685111861036,1.0411585474729184,1.394881850053483
1988-09-30,27,0.10502139445453185,0.9521869379033449,1.6983982575969914
1988-10-31,27,0.0832113656998779,1.2017589082803233,1.7392326510568155
1988-11-30,27,0.0812518161206469,1.2307417209175342,1.6805905186084817
1988-12-30,27,0.06976078244730613,1.4334701603373656,1.749027690026524
1989-01-31,27,0.08091954299945897,1.235795412248789,2.4390277074610025
1989-02-28,27,0.08121085401535282,1.2313624971988981,2.129111818490945
1989-03-31,27,0.10973587179371137,0.9112790408954559,1.9719218399480862
1989-04-28,27,0.08671062598599277,1.1532611933415635,2.2286427482570366
1989-05-31,28,0.15114847140314178,0.661601133452954,1.379139813067505
1989-06-30,27,0.08692357791433991,1.1504358472053053,1.8256618192251357
1989-07-31,27,0.11724811238505263,0.8528921955825747,1.68592636523307
1989-08-31,27,0.07558632725406336,1.3229905941040971,1.9439769946361298
1989-09-29,27,0.10867218754160683,0.9201986475307995,1.6271265820351104
1989-10-31,27,0.095519160065852,1.0469103783058693,1.981585667764604
1989-11-30,27,0.06342924131513668,1.5765599260941519,2.812329973100387
1989-12-29,27,0.15563226783041648,0.6425402739036371,1.4566547095166305
1990-01-31,27,0.13899320615903424,0.7194596251386653,1.306036103893694
1990-02-28,27,0.08520605276826483,1.173625543621535,2.2384408989630353
1990-03-30,27,0.06871261874739792,1.4553367608884344,3.023751612030609
1990-04-30,27,0.11309465175245265,0.8842151105331233,2.1761395634292744
1990-05-31,27,0.08825235194693994,1.133114277340995,2.2125085764417
1990-06-29,27,0.08400403512370268,1.1904190060958617,2.8446477932399574
1990-07-31,27,0.1526790134397941,0.6549688640700643,1.5265482414186713
1990-08-31,27,0.12951626019775683,0.7721038257845864,1.5734426442573721
1990-09-28,27,0.1289600021422795,0.7754342302946894,1.3539137833821602
1990-10-31,27,0.1405138841385301,0.7116734450341705,1.385470758582897
1990-11-30,27,0.15187932021893819,0.6584174847230504,1.3626619770966726
1990-12-31,27,0.16014950080197154,0.6244165576491696,1.4167038510196346
1991-01-31,28,0.12143174083347343,0.823507917399751,1.5901965678459031
1991-02-28,28,0.10224705018387961,0.9780233250755054,1.9920627992143949
1991-03-29,28,0.062463699549406,1.6009298315880967,2.3395484703713705
1991-04-30,29,0.13057930225232095,0.765818152457026,2.022205114278029
1991-05-31,30,0.13677192314085906,0.7311442122299597,1.6110244454802898
1991-06-28,30,0.1077754493260755,0.9278550971051783,2.085393847981892
1991-07-31,31,0.07129991565229235,1.402526203364238,2.6000774418018917
1991-08-30,31,0.09235330408408765,1.0827982928358475,2.689391960219872
1991-09-30,31,0.0963642633246576,1.0377290973843007,2.6646636600821165
1991-10-31,32,0.09082609940317804,1.101005114797443,2.7974110292580994
1991-11-29,32,0.09894426400916637,1.010670007012593,2.190696985035304
1991-12-31,32,0.14606092464162787,0.6846458095849932,1.7763917388407104
1992-01-31,32,0.0766145256064927,1.3052355177870538,1.9238942276174953
1992-02-28,32,0.12473989198485079,0.8016681625164839,1.705514477682482
1992-03-31,32,0.045840060870030196,2.181497975832294,3.3992290861504557
1992-04-30,32,0.07966677741746166,1.2552283805329578,2.4290469486625406
1992-05-29,32,0.0931689028128245,1.0733194980400178,2.9083414520063995
1992-06-30,32,0.08787370531370534,1.1379968517658874,2.6024363575213103
1992-07-31,32,0.09897473453931484,1.0103588604249087,2.5275919265938223
1992-08-31,33,0.11632149720684049,0.8596863211120991,2.1951507562646078
1992-09-30,33,0.07811481846167692,1.2801668360665772,3.0145920265484834
1992-10-30,33,0.13046565408870545,0.7664852539045149,1.549485483780661
1992-11-30,33,0.12081275415190187,0.8277271774987158,1.6391190934140587
1992-12-31,33,0.08239636768347375,1.2136457323477017,2.5336968382034133
1993-01-29,33,0.08564037580372083,1.1676735308727508,2.775479091350935
1993-02-26,33,0.09184786878969928,1.0887568902547577,2.8316048318550546
1993-03-31,34,0.07071714481362534,1.414084240300559,2.778198298049194
1993-04-30,34,0.09300614214231624,1.0751978062586651,2.5207380844863545
1993-05-31,34,0.09443214366631575,1.058961452292757,2.3337824921966788
1993-06-30,35,0.133343742927831,0.7499414506020169,2.619482510024682
1993-07-30,35,0.1374194102724448,0.727699236969087,1.8760179849479475
1993-08-31,35,0.0832843208774997,1.2007061947120499,3.6074186775909123
1993-09-30,35,0.06082235072927213,1.6441324414623906,4.280033356477048
1993-10-29,35,0.06923882688787913,1.4442763474594034,2.9644049076455943
1993-11-30,35,0.09354264741436921,1.069031107886293,2.256156405696835
1993-12-31,36,0.10026361114623766,0.9973708193508692,2.266199475085183
1994-01-31,36,0.08979124479274077,1.1136943276688438,3.3556164662396823
1994-02-28,36,0.06658958628228713,1.5017363161873265,2.752283465800321
1994-03-31,36,0.0862051245392867,1.160023844689494,3.278833624541721
1994-04-29,36,0.0689341015659677,1.4506608155950687,3.45771804567013
1994-05-31,36,0.0874872534843122,1.1430236522161656,2.6396917309421917
1994-06-30,37,0.0638961570075745,1.5650393495205919,3.2382364215337747
1994-07-29,36,0.057333395638695855,1.7441841510693168,2.711304031131352
1994-08-31,37,0.06688995125736788,1.4949928669440475,3.178481674193668
1994-09-30,36,0.10108307902933178,0.9892852588214345,2.9471553855026764
1994-10-31,36,0.07144877555913112,1.3996041110213266,3.513526180968006
1994-11-30,36,0.09725985899868511,1.0281734009233134,2.870004844107317
1994-12-30,36,0.062405364846669156,1.6024263337887918,3.6981318015222215
1995-01-31,36,0.0769980260928748,1.2987345919670756,2.5322322302430433
1995-02-28,36,0.0747186493625219,1.338353956517835,2.9023170200692205
1995-03-31,36,0.07794623075692526,1.2829356728210406,3.3266113225369707
1995-04-28,36,0.07943652856863613,1.258866692715509,3.4831225681965283
1995-05-31,36,0.07651424845377844,1.306946118152217,3.0873429967219277
1995-06-30,36,0.07885915974595771,1.2680835089055835,2.388757093583514
1995-07-31,37,0.06086977603405184,1.6428514529782055,2.7058382251685
1995-08-31,36,0.0591797589990464,1.68976693537416,3.3141014527800317
1995-09-29,37,0.08374891633841187,1.1940453007883816,3.471654876436415
1995-10-31,37,0.08064131126309762,1.2400592008448794,3.618545906665599
1995-11-30,36,0.09278214255833124,1.077793605996229,3.1274852747239437
1995-12-29,36,0.126390826311925,0.7911966629065783,2.723726941667395
1996-01-31,36,0.10185539660873413,0.9817840127228464,3.1818852848194905
1996-02-29,36,0.07190699220983333,1.390685341255658,2.5064700880966044
1996-03-29,37,0.09409420995144092,1.0627646488727296,2.2481789680267483
1996-04-30,37,0.10178144132559472,0.9824973855509085,2.290464015405889
1996-05-31,37,0.08871340565036998,1.1272253529992056,2.797090092705241
1996-06-28,37,0.09212370280265979,1.085496967205196,2.2522947601523717
1996-07-31,37,0.07462366359797523,1.3400574989019074,2.90305706860481
1996-08-30,37,0.07724395192226963,1.2945997390272022,3.1344822781320296
1996-09-30,37,0.11429520606703124,0.8749273345843792,2.158160089602632
1996-10-31,37,0.09935179914860572,1.0065242990761016,2.612687915244876
1996-11-29,36,0.12292920344405293,0.8134763522283102,2.515148145844805
1996-12-31,36,0.0795088862696549,1.2577210509634025,3.5907164969136733
1997-01-31,37,0.06621808738710692,1.5101614067378006,3.180364371979513
1997-02-28,37,0.07483835544680263,1.3362132211882052,3.289204680951054
1997-03-31,38,0.06317861909982443,1.5828139554933371,3.169385976342357
1997-04-30,37,0.07054296476507815,1.4175758040935695,3.2419777915742327
1997-05-30,37,0.09233023329389334,1.0830688543988976,3.22124687652507
1997-06-30,38,0.11544242308937863,0.8662326839984753,2.9770780577571268
1997-07-31,36,0.10292246979561835,0.9716051334424666,3.3083403543377097
1997-08-29,36,0.06969908326767822,1.434739100024481,2.848348763994685
1997-09-30,38,0.07828527954089332,1.2773793564569662,3.6299735012370005
1997-10-31,38,0.08097365850601601,1.2349695178039957,3.4041045834705193
1997-11-28,38,0.07880729425325311,1.2689180734798806,2.9684630843935866
1997-12-31,38,0.1182864202040392,0.8454055827161234,2.7831878516781794
1998-01-30,38,0.10467742260796897,0.9553158408811178,2.7537187283766165
1998-02-27,38,0.0931094865830599,1.0740044185593625,1.929305710464954
1998-03-31,39,0.10475860930137287,0.9545754823101636,3.0650668496765046
1998-04-30,38,0.09029578423350354,1.1074714157352188,2.3731791285720814
1998-05-29,38,0.11332869210660088,0.882389076774455,3.0431021416476773
1998-06-30,38,0.09790717212398117,1.0213756339869429,3.3572944394118127
1998-07-31,39,0.0999810794301482,1.0001892415040892,2.1598053050771915
1998-08-31,39,0.14752993834026018,0.6778285216208927,2.441409861526212
1998-09-30,39,0.08955122517091685,1.1166793062757177,2.9943000838073677
1998-10-30,39,0.05061331905971671,1.9757645192565587,2.4128335289879854
1998-11-30,39,0.0761092343607452,1.313901011354503,2.089819971371969
1998-12-31,39,0.08480515462446733,1.1791736061660192,2.063773532550372
1999-01-29,39,0.09485957931258003,1.0541897900525294,1.9224256584545045
1999-02-26,38,0.10800743042290026,0.9258622264084297,1.704462188007303
1999-03-31,39,0.04890024281695411,2.0449796205373687,3.2312107361944586
1999-04-30,39,0.0825079579214104,1.2120043026061915,2.313507162090804
1999-05-31,39,0.08868871581435078,1.1275391585252714,2.792165518010524
1999-06-30,39,0.09737212845289292,1.026987923432098,2.358226302195565
1999-07-30,39,0.08630248488400227,1.1587151880320519,3.0852238185462553
1999-08-31,39,0.08062564709634906,1.2403001228690698,2.8671082221854047
1999-09-30,40,0.08216145439760408,1.2171157476846723,2.105229590191535
1999-10-29,40,0.07894232043762968,1.266747663935309,2.8472914796535855
1999-11-30,40,0.11211968408244273,0.8919040471650723,2.7039527782408292
1999-12-31,41,0.12139147977399269,0.8237810444866521,2.473735184341783
2000-01-31,41,0.08940527231324627,1.1185022696383424,3.0323138878847566
2000-02-29,41,0.0789705152913344,1.2662953968463366,2.525388542610766
2000-03-31,41,0.07422689623009908,1.3472205504862522,2.1919192252048583
2000-04-28,41,0.061607601381671845,1.6231763249550863,3.221903193570222
2000-05-31,40,0.07170132361459129,1.3946743931467662,3.282223087616964
2000-06-30,41,0.07568748733261989,1.3212223515960462,2.247965460819459
2000-07-31,40,0.07111060764845041,1.40625995624127,3.1724941845335723
2000-08-31,40,0.07956668323103101,1.2568074467756625,3.270783107905608
2000-09-29,40,0.0806217792527204,1.2403596264792893,3.6277333073118827
2000-10-31,41,0.08421669410782397,1.1874130308649782,3.9526145495208347
2000-11-30,41,0.11240931304863078,0.8896060058363472,3.146748280671435
2000-12-29,41,0.09863905357136854,1.0137972372945243,3.200883875307345
2001-01-31,41,0.07077350290183979,1.4129581820854096,2.8586569653819285
2001-02-28,41,0.10540351623676825,0.948734952782502,2.7077145186133045
2001-03-30,41,0.09312146075463294,1.0738663159880129,3.0808735890488914
2001-04-30,41,0.05240215984627213,1.908318288661416,2.724195369847159
2001-05-31,41,0.07072773727423369,1.4138724615530756,3.4489916856075
2001-06-29,41,0.05847875665239822,1.7100226770279494,3.5018803445921955
2001-07-31,41,0.1277075787480894,0.7830388844600663,2.299333402826361
2001-08-31,41,0.09525255072340581,1.049840652460634,3.1245825343410543
2001-09-28,41,0.12664863969384493,0.7895860566819808,2.1896428422334786
2001-10-31,41,0.09083898652094738,1.1008489177379814,2.6968123415086103
2001-11-30,42,0.06083382163365863,1.6438224217146864,2.7381878087095126
2001-12-31,47,0.07478337059047308,1.3371956788042845,3.00229830281126
2002-01-31,48,0.06700435155676933,1.4924403815067917,2.8816164170249303
2002-02-28,49,0.059440441851484546,1.6823562693200684,4.284758000554726
2002-03-29,49,0.07608064874708075,1.3143946804717153,3.744062946187444
2002-04-30,49,0.09151071600480226,1.0927681955275297,3.647103391096696
2002-05-31,50,0.09289463741431431,1.0764884043197829,3.1901443874776274
2002-06-28,50,0.12415289745076172,0.8054584472316435,3.085759166314881
2002-07-31,50,0.1201300916677817,0.8324308973021413,2.8919683820386
2002-08-30,51,0.08409494799281267,1.1891320749558782,3.431593094720022
2002-09-30,51,0.12049855191198805,0.8298854916782722,2.6761125610465744
2002-10-31,51,0.05939634238339829,1.6836053532473194,4.46253464619916
2002-11-29,51,0.046259439862868304,2.161720943799589,4.146129062412349
2002-12-31,51,0.1072715901417854,0.9322132716390777,3.269329581323535
2003-01-31,51,0.11933892826433148,0.8379495396380933,3.198624940451123
2003-02-28,51,0.1220244072298325,0.8195081809465412,3.140627479793554
2003-03-31,51,0.06680086153370936,1.496986681070536,3.363798924204954
2003-04-30,51,0.07154028562905966,1.3978138208520097,4.53342754807011
2003-05-30,51,0.09904580193450079,1.0096339072112337,3.780719775426058
2003-06-30,51,0.06000345789199288,1.666570619646646,3.4745412593212754
2003-07-31,51,0.0879128253540457,1.137490458272458,2.0360939538651723
2003-08-29,51,0.08463620898887035,1.181527400561502,2.2236261483233157
2003-09-30,51,0.07821819627348411,1.2784748915758353,3.499504555480134
2003-10-31,51,0.12024225956534457,0.8316543647922378,1.8458040392751862
2003-11-28,51,0.09779966238217873,1.0224984173178724,2.3149441338410637
2003-12-31,51,0.1358220711914121,0.7362573632018278,2.53224263813749
2004-01-30,51,0.1099326910784319,0.9096475217608803,2.8536982313438757
2004-02-27,51,0.11246947858678782,0.8891301111779791,3.0466158439300073
2004-03-31,52,0.08597937220121363,1.1630696693850537,3.5944719866501664
2004-04-30,53,0.06725846769677106,1.4868016388782643,3.0766137768140362
2004-05-31,51,0.09100614802350979,1.0988268613914614,3.3193808488187013
2004-06-30,51,0.07782883176092796,1.2848708857300686,2.211135997540046
2004-07-30,51,0.0909359475408723,1.0996751307292836,3.302406354288619
2004-08-31,51,0.0911301279148064,1.097331939372297,3.7815683054277054
2004-09-30,52,0.09966196320372041,1.003391833608461,3.282017862921913
2004-10-29,52,0.12201163487699981,0.8195939682376211,3.414308137659476
2004-11-30,52,0.11868233640033027,0.8425853672334827,3.2523362418878583
2004-12-31,54,0.12430073823994026,0.8045004512118662,2.5836696991388375
2005-01-31,53,0.0858609527979318,1.1646737747639901,4.338280754819861
2005-02-28,53,0.16234878250006668,0.6159578067667919,1.9957803451721738
2005-03-31,54,0.060671325030523804,1.6482250873817228,6.161870250616609
2005-04-29,55,0.10906034054167943,0.9169235993883877,3.4452314056831317
2005-05-31,54,0.10123535064879867,0.9877972403821241,4.457983573946721
2005-06-30,54,0.10958600358988045,0.9125252926846795,3.785513030891889
2005-07-29,54,0.16092472132234786,0.6214085640682284,2.2048879149797997
2005-08-31,54,0.08921896830258726,1.1208378879797034,3.4837289855909317
2005-09-30,54,0.14841819539690818,0.6737718359435274,2.4769950839171155
2005-10-31,55,0.08802227442735944,1.1360760745000427,4.084102731564921
2005-11-30,55,0.12740626738555796,0.7848907440116673,2.8198356574517716
2005-12-30,55,0.0893204988987609,1.1195638317397179,3.6310720653528015
2006-01-31,56,0.11974843855242397,0.835083957743813,2.7849448665327485
2006-02-28,56,0.08030866142884142,1.2451957014450596,4.829167730162256
2006-03-31,56,0.15025649516202877,0.6655286341676293,3.157347188591397
2006-04-28,56,0.1277101341534665,0.7830232163082076,3.6748196091875687
2006-05-31,56,0.07291299100580963,1.3714977073431553,4.126794233570596
2006-06-30,56,0.08578105381109952,1.1657585860417659,4.428122822354794
2006-07-31,55,0.04307775314473361,2.321383839682115,4.8411854121042275
2006-08-31,54,0.06421788428573418,1.5571986077126918,4.073376656416238
2006-09-29,54,0.07812621008569239,1.2799801742630987,3.6520706419426983
2006-10-31,55,0.10078034676531263,0.9922569549484701,3.6433858596547264
2006-11-30,55,0.10312192894208358,0.9697258480896246,4.04980687207665
2006-12-29,55,0.11991086745549444,0.8339527694361443,3.8651015463190577
2007-01-31,55,0.12357408592574046,0.8092311527199412,4.127404206573761
2007-02-28,55,0.05691064694471369,1.7571404538266067,4.39769475400597
2007-03-30,55,0.06227804034368147,1.605702418511402,6.484967822802061
2007-04-30,56,0.06994208937988532,1.4297542565086576,6.85716842107918
2007-05-31,56,0.13302316721610963,0.7517487524375349,3.9868911619730234
2007-06-29,56,0.09587203561244448,1.0430570224277131,4.740368627008069
2007-07-31,55,0.05776317778086944,1.7312066932910148,4.484883241482643
2007-08-31,55,0.05271358995678061,1.8970440086131315,4.6822491610814065
2007-09-28,55,0.10379445174261434,0.9634426341783309,2.6251769946449803
2007-10-31,56,0.09885090228480126,1.0116245546438014,3.2754551948291013
2007-11-30,56,0.07358579225893967,1.3589579853691303,3.4896451153378787
2007-12-31,56,0.07419699510704811,1.3477634755386587,4.151047356885342
2008-01-31,56,0.11085130656598223,0.9021093489816182,2.8096728414543075
2008-02-29,56,0.13738234286787482,0.7278955789549559,2.398980149238856
2008-03-31,56,0.08178854645756632,1.2226650836970454,2.5858059208512314
2008-04-30,56,0.05670739393522429,1.7634384700208228,2.9766421733250823
2008-05-30,56,0.0627734848297933,1.5930292904901533,2.7426401300476173
2008-06-30,56,0.09197669650924765,1.0872319162924673,2.2370732966059697
2008-07-31,56,0.04057540190829875,2.4645473685264307,4.191050351189537
2008-08-29,58,0.07109160851561318,1.4066357772456077,2.822175414630347
2008-09-30,59,0.10045532449261543,0.9954673931430196,1.9099214543537344
2008-10-31,59,0.11838742902696964,0.844684277899296,1.4666903917417302
2008-11-28,59,0.1117477020151073,0.894872987960691,1.7363970298733844
2008-12-31,58,0.0766963559747461,1.3038429105149028,2.115953415947164
2009-01-30,58,0.08140894404885149,1.2283662583805592,1.6761164121748016
2009-02-27,58,0.08811304820768319,1.1349056925632532,1.9656135883625314
2009-03-31,58,0.03582667817638028,2.791216073890092,3.81321918266602
2009-04-30,58,0.027253978232436818,3.669189105060016,3.455212069852633
2009-05-29,58,0.058401087009824756,1.7122968958296463,2.228836888069565
2009-06-30,59,0.058209304987748324,1.717938395262538,2.6402153500907195
2009-07-31,59,0.035885381416592345,2.7866500522623103,3.8843745332225272
2009-08-31,59,0.07639246315383316,1.3090296590990635,3.289684463581201
2009-09-30,59,0.10837191403738412,0.9227483051144032,2.8336593685019493
2009-10-30,59,0.09629990213385226,1.0384226544800097,1.8696970464934515
2009-11-30,59,0.15501237652884403,0.6451097792271602,2.134413173469221
2009-12-31,59,0.170879334295015,0.5852082723318361,1.2995033560184264
2010-01-29,59,0.08278824813191432,1.2079009069096447,3.4447496345897965
2010-02-26,59,0.07547073516016893,1.3250169060599908,3.9917840612790423
2010-03-31,59,0.1557237300420872,0.6421628866260343,1.9694047982484049
2010-04-30,59,0.1467334621409413,0.6815078070191475,2.690245761988841
2010-05-31,59,0.16242792845241044,0.6156576701604545,2.065568391100416
2010-06-30,59,0.0943603417448983,1.0597672512711795,3.385445775014888
2010-07-30,59,0.14630506988093536,0.6835033131892222,1.9322655256837769
2010-08-31,59,0.1345971113678977,0.7429579950394883,2.6905734119341282
2010-09-30,59,0.2241311141101573,0.44616741587627773,1.4609108347769264
2010-10-29,59,0.1804072044479644,0.5543015884869688,1.7054794800115982
2010-11-30,59,0.13974800780008648,0.715573707090357,1.363260789156468
2010-12-31,59,0.24562644322282068,0.40712228979876053,0.9125462323187913
2011-01-31,59,0.25252904482306576,0.39599405315956787,0.8527354107321568
2011-02-28,59,0.25308815738985074,0.3951192384160531,0.9391885363700091
2011-03-31,59,0.1662737328750425,0.6014179045054079,1.489315351348657
2011-04-29,59,0.20950046284084445,0.47732591443470496,1.606802189010377
2011-05-31,59,0.07677225130198914,1.3025539606314638,3.5190925107460425
2011-06-30,59,0.08396173452579543,1.1910187487762913,3.2589644198979775
2011-07-29,59,0.09012589778823317,1.1095589886379584,3.6645927607683486
2011-08-31,59,0.09838828367447858,1.0163811814306454,3.179876598581657
2011-09-30,59,0.18796688227524072,0.5320086112487069,1.4265250273680528
2011-10-31,59,0.034696220894511985,2.8821582703209425,6.889376670604916
2011-11-30,59,0.07843164463423415,1.2749955769300751,2.700689868906715
2011-12-30,59,0.062039198481761246,1.6118841385321696,5.59751647575009
2012-01-31,59,0.06173375832210656,1.619859258822907,6.557178836794814
2012-02-29,59,0.10800243083112568,0.9259050859360897,2.4722590066852015
2012-03-30,59,0.06163020583955373,1.6225809834277864,4.507909512952908
2012-04-30,59,0.07047410458346164,1.418960916084733,5.861713266896338
2012-05-31,59,0.23602855870912287,0.42367754371299665,2.2436942512349374
2012-06-29,59,0.07432084239808753,1.3455175799053276,3.274415508038602
2012-07-31,59,0.09017414404902127,1.108965336511951,5.614513593996181
2012-08-31,59,0.16663147930898592,0.6001267012373412,1.8267037424385482
2012-09-28,59,0.15012806290534808,0.6660979837130614,3.218856120360188
2012-10-31,59,0.05463066012968087,1.8304739456309433,5.135091168773498
2012-11-30,59,0.1028409786938886,0.9723750325019279,3.9505135048199604
2012-12-31,59,0.10805685881102667,0.9254387097711515,4.110217228269823
2013-01-31,59,0.19400972007076156,0.5154380922952047,1.9149014617621583
2013-02-28,59,0.08521982955324747,1.173435813287065,7.238800254070338
2013-03-29,59,0.08394770409320484,1.1912178073264843,6.382480501926727
2013-04-30,59,0.09265980341258086,1.0792166216318837,6.948184881342356
2013-05-31,59,0.10368499305903943,0.9644597260382595,3.9233621807527577
2013-06-28,59,0.09927143316761038,1.0073391388553796,4.8227323271288745
2013-07-31,59,0.10057361502790886,0.994296565478434,2.8656191208576822
2013-08-30,59,0.07607948034641565,1.3144148664615758,6.105968616492434
2013-09-30,59,0.11489113540754609,0.8703891701067824,3.9247802708994564
2013-10-31,59,0.08238776219239156,1.2137724989602268,4.874959699385109
2013-11-29,59,0.07514948653446478,1.3306810812890701,5.581829892875391
2013-12-31,59,0.16597224661261945,0.6025103717093184,2.323615318540837
2014-01-31,59,0.08710311418924416,1.1480645776078164,5.972952889789044
2014-02-28,59,0.12446481268432472,0.8034399268621095,3.8286869676579607
2014-03-31,59,0.06766842852936453,1.4777940344307727,4.555137661142838
2014-04-30,59,0.12485810209273747,0.8009091786909088,3.8909150442359417
2014-05-30,59,0.10441566879361416,0.9577106688619494,6.280811090818741
2014-06-30,59,0.154537589069793,0.6470917567818243,3.655569965434066
2014-07-31,59,0.10821703461806961,0.9240689356618393,4.334039385243379
2014-08-29,59,0.11681417248658811,0.8560605093656884,6.419423270775327
2014-09-30,59,0.1563381560952115,0.6396391162442712,3.731503135257295
2014-10-31,59,0.1045611429500589,0.9563782221447463,5.312338148623957
2014-11-28,59,0.11324471038154187,0.8830434522114274,5.133150371618693
2014-12-31,59,0.10722275542600182,0.93263784914587,5.593131978945717
