month,incumbent,mop_tsmom,mop_tsmom_under_incumbent_leverage_cap,hop_trend_blend,baltas_kosowski_tstatistic,baz_macd_ewmac,long_only_equal_risk,long_only_equal_notional,long_only_equal_risk_volatility_matched,barroso_santa_clara_on_mop_tsmom,barroso_santa_clara_on_incumbent,moreira_muir_expanding_constant_on_incumbent,moreira_muir_full_sample_constant_on_incumbent
1990-01-31,-0.005763446077605483,-0.01651604966046638,-0.01651604966046638,-0.018957233048886635,-0.020516049660466162,-0.005451125517719091,-0.054925133660465586,-0.015676791090219577,-0.03195555553346663,-0.01651604966046638,-0.005763446077605483,-0.005763446077605483,-0.005763446077605483
1990-02-28,-0.0014089770173995042,-0.02381932763355854,-0.02381932763355854,-0.022378155216294604,-0.03575484493174119,-0.01547657614241904,0.006529576240663415,0.011975303311507535,0.003427744046514025,-0.02381932763355854,-0.0014089770173995042,-0.0014089770173995042,0.0037039952630462114
1990-03-31,0.0068697581754304515,0.003267184325835837,0.003267184325835837,0.03299740988351618,-0.001558759378631147,0.01307202100271887,0.00040621820394792785,0.005517852448681859,-0.0055117435941783866,0.003267184325835837,0.0068697581754304515,0.0068697581754304515,0.017366501150064106
1990-04-30,-0.0015321969747830178,-0.03518027438557425,-0.03518027438557425,0.03399387482694127,-0.034951228600816786,0.02095657404759388,0.028049787882448163,0.0096629081274755,0.016534374156669474,-0.03518027438557425,-0.0015321969747830178,-0.0015321969747830178,-0.011777922570835653
1990-05-31,-0.03358570923633175,-0.01761871645483115,-0.01761871645483115,-0.021301336213694788,-0.03686560464550148,-0.010604230213015486,0.02173187518605424,-0.012658609183089253,0.018944259092787963,-0.01761871645483115,-0.03358570923633175,-0.03358570923633175,-0.006027422014401318
1990-06-30,0.009041833536255206,0.017915436000121243,0.017915436000121243,0.019316067225716216,0.016250372239591915,0.011113447699651058,0.0014988027595113085,-0.015452964264088265,0.0006966328613997597,0.017915436000121243,0.009041833536255206,0.009041833536255206,0.0005208626096562252
1990-07-31,0.05518346942367924,0.060203570598204026,0.060203570598204026,0.05781695730885916,0.1000555737806279,0.03830763503965007,0.041955575844469406,0.017515330621120873,0.031655644292664764,0.0877720401618669,0.08043749850601856,0.05518346942367924,0.06954064103637214
1990-08-31,0.0770706696854333,0.09992670503894385,0.09992670503894385,0.012707417997348314,0.07759511700089106,0.02591016673501567,-0.02228108888170255,0.02738905288180926,0.0040957308212523635,0.14729559330948838,0.12270201186610352,0.0770706696854333,0.03526739882477248
1990-09-30,0.029536341256216847,0.06947647837685578,0.06947647837685578,0.032591841800906796,0.035583789634352714,0.04527697166745437,0.06434519254973559,0.04521248755398655,0.03393732382153325,0.07243482551116509,0.0368440613270864,0.029536341256216847,0.010049816543394874
1990-10-31,0.0023852636073136146,-0.012355200129610111,-0.012355200129610111,0.01103492387666205,-0.011456874987706644,0.017291094419331632,-0.012721804193210673,-0.03561750704179789,-0.008767711257544275,-0.010555032957184296,0.0022190784074580527,0.0023852636073136146,-0.00037823575930628905
1990-11-30,-0.004021217992936532,-0.005041789072007696,-0.005041789072007696,0.010106585686790126,-0.014383002456285321,0.009418096165049183,-0.012554591836795193,-0.0180244724921379,-0.0028919575534657183,-0.005178793608092813,-0.0030763560495309372,-0.004021217992936532,-0.0043276353845184135
1990-12-31,0.020776046177317875,0.016099907123717117,0.016099907123717117,0.01797860838851939,0.020328698375212895,0.0217861783980422,-0.000693135059042449,-0.008788730467830908,0.0007096790047049772,0.01363017630107266,0.023152256078089684,0.020776046177317875,0.01918390358101374
1991-01-31,0.0030389405690227633,0.0029773763760103655,0.0029773763760103655,0.004668185725895668,0.00109488619638487,0.016825118873020184,-0.008273332212973106,-0.026883382902496034,0.005132276513783562,-4.157951192462761e-06,0.011463848039608981,0.0030389405690227633,0.010614847879295564
1991-02-28,-0.00257666521933797,-0.0018219316645137207,-0.0018219316645137207,0.00203533160539604,0.004626217372335706,-0.00709228733911893,0.03333883808802596,0.02011884888421034,0.01301508019287767,-0.001319888724771734,-0.011384676160554053,-0.00257666521933797,0.0006202832190886909
1991-03-31,-0.03199904367105444,-0.030808098828508546,-0.030808098828508546,-0.005982167665104732,-0.032372913649497015,-0.015462217834850134,-0.020565847237532853,0.0019310944267603158,-0.02140138991318774,-0.028952022426700252,-0.04878077656843016,-0.03199904367105444,-0.024958328910450356
1991-04-30,0.0190443261007609,0.041795075958811934,0.041795075958811934,0.015016128806413676,0.037934935445664175,0.0070598510826358485,0.010649828381658066,0.0034039940610866015,0.007316139409154987,0.03828914166589703,0.03947436313957331,0.0190443261007609,0.0004952478425177542
1991-05-31,0.0008507755031772479,0.015193937936110125,0.015193937936110125,0.010696095777647407,0.0037787982366412898,0.0015794932822956742,-0.02228169973624128,-0.00424272638622325,-0.013373773660835364,0.015471397469367876,0.003333712918705878,0.0008507755031772479,0.0030259858732928357
1991-06-30,0.029630420585810224,0.022794114324016013,0.022794114324016013,0.029203145212469694,0.021788275246058086,0.03263953697132882,-0.06916298088304351,-0.016970946369616713,-0.03959197607934539,0.028868884813451512,0.05304126463230863,0.029630420585810224,0.046317471727756576
1991-07-31,-0.019199620668802653,-0.053131844277985896,-0.053131844277985896,-0.06565208570379011,-0.06247507183005563,-0.05198495802505443,0.07953893395333722,0.03329291781867472,0.05347073756682241,-0.05115657665103779,-0.033270373216598315,-0.019199620668802653,-0.02187837139655502
1991-08-31,0.0012488133147570135,0.015164849597833374,0.015164849597833374,0.014571680662878173,0.003152768170237241,0.018268834176377258,0.010725612199689039,-0.0009361603024955478,0.012003920704871218,0.009667124109948189,0.0036649842096283525,0.0012488133147570135,-0.0033560555940043146
1991-09-30,0.015350668561903369,0.006510301708733346,0.006510301708733346,0.023340970296917396,0.004493220641962559,0.009207937863765281,0.07586182644113948,0.020135035446176675,0.043767970360832686,0.005337155444149255,0.023542038882428118,0.015350668561903369,0.0033800442153211208
1991-10-31,-0.001817425191812938,0.0028967641401700384,0.0028967641401700384,0.013834935666320769,-5.3956497182761076e-05,0.015213678562894906,0.009262634021717453,-0.0011245586755043169,0.0022688879014360896,0.005477358437429025,-0.0021268626151220715,-0.001817425191812938,-0.011114281406029547
1991-11-30,0.025054117211760207,0.0036386777529782144,0.0036386777529782144,-0.011963934092573902,-9.836577654498413e-05,-0.012485153490516265,-0.04063405784589236,-0.019106308009251616,-0.01754516367958414,0.00408090596525712,0.04007773118212432,0.025054117211760207,0.01284766436510032
1991-12-31,0.045888623426263875,0.036874818972144396,0.036874818972144396,0.048786769943514274,0.025444855604201733,0.03003796011040194,-0.02213976949002905,-0.029862393185856706,-0.001283762602642513,0.032116059850428647,0.06416163719016343,0.045888623426263875,0.05153375257752457
1992-01-31,-0.012970922557646869,-0.012255207159383663,-0.012255207159383663,-0.02768891023072828,-0.011380162411192773,-0.022662431692111795,-0.018048249845158182,0.002612282550024103,-0.009965252583983952,-0.00937377195791278,-0.018992456466070284,-0.015497912839127936,-0.012247510763165104
1992-02-29,-0.008714825711431562,-0.01409087877350812,-0.01409087877350812,-0.008809828252350327,-0.02793327644065846,-0.008333222193684153,-0.02704091429815858,-0.010442896432863114,-0.014778226831604124,-0.016303080646172363,-0.011753604167138998,-0.0034299853288606297,-0.004177609192254406
1992-03-31,-0.015200837549183444,-0.004081446507212316,-0.004081446507212316,-0.012642623071653314,-0.018322196371025057,-0.013638737673383972,-0.02606053698593136,0.00516275133057742,-0.014097716143895767,-0.015995295535971676,-0.0398725178896846,-0.02948374271795784,-0.02651657023438503
1992-04-30,0.03682008944672721,0.046191145534577815,0.046191145534577815,0.025608375499254654,0.024729512476613147,-0.014219913251638738,-0.005085577254317797,0.002232095620010588,0.0061148482100426005,0.06472648307614737,0.01606719808014656,0.005727578945819323,0.006616105202628786
1992-05-31,0.01450072167635108,0.01871715151718356,0.01871715151718356,-0.007622874642853272,0.0020973789801763676,-0.0024025194752659296,0.07003056057701151,0.019037332697068088,0.04126090046794406,0.03258862378191396,0.01637978286996855,0.00273837393992471,0.005066276687025084
1992-06-30,0.03883394559775444,0.051090184353129064,0.051090184353129064,0.010331391495751241,0.03737560989865352,0.013936881559313052,0.030891200432843657,0.002927660739393545,0.0329216123245899,0.07446476901681542,0.06963111475669481,0.013134588533848524,0.025655906257317174
1992-07-31,0.011680591494966475,0.008276959319580834,0.008276959319580834,0.052884432478903065,0.049542545581370945,0.043202120323659,0.006636445321126283,-0.007376231630910057,0.0048921004293531745,0.017538216773473003,0.020543132595888913,0.00703636775044747,0.012334134383177764
1992-08-31,0.028150032216760046,0.02809425927410447,0.02809425927410447,0.022465063634813598,0.028830124836849658,0.012164805968486236,0.0010965455989484507,-0.008338673989223166,0.0004754959294130945,0.05065263211558024,0.04066849334685152,0.016753768676456282,0.018296511054031406
1992-09-30,0.027849272076971854,0.04591292539772418,0.04591292539772418,0.006040973850833575,0.03379013350643234,0.01734420866409292,0.0035116708108342554,0.006164876193704316,0.004512092954734648,0.055645110199547654,0.03595384749288777,0.009641515699723824,0.010084418807332574
1992-10-31,-0.01691114357860346,-0.010532318998477508,-0.010532318998477508,-0.023943201895326283,-0.019483404074987054,-0.020124672569192703,-0.04756493368456127,-0.0053421897349253955,-0.023019939569415948,-0.009876213508589249,-0.014363415924561473,-0.0038686966896380737,-0.004395384444279449
1992-11-30,0.010425126333533763,-0.0028616031633023065,-0.0028616031633023065,0.01248468105155287,-0.03482592314723598,0.0002456647538757739,-0.0004600715473884742,0.010147760603646194,0.0017478975472793312,0.0017718513549143111,0.015196958604438926,0.0019138610571356462,0.004121467259821765
1992-12-31,0.019501701189535314,0.031099528589379144,0.031099528589379144,0.005803468104746745,0.025368016660769932,0.005143334749130757,0.026597150591165075,-0.002030255352703292,0.01505854664847961,0.036098524177850644,0.02948047834485057,0.010718471356602643,0.01351374502619107
1993-01-31,0.03828018580234627,0.029120419747790116,0.029120419747790116,-0.0035589117953941374,0.03298546887512788,0.011568147085908365,0.015024798724764477,-0.006249722115396317,0.0042055389641089125,0.036701631272211266,0.04603812982895916,0.03787346784347689,0.04455421975498708
1993-02-28,0.041224326461686944,0.061094888316788776,0.061094888316788776,0.039337519433112034,0.05787547366044388,0.021160200209642488,0.04532468128802791,0.013765231722831617,0.02806708360282073,0.07694789387908929,0.04520637225914004,0.016577179039252155,0.020424908941834463
1993-03-31,0.011393920315797557,-0.006262022903623543,-0.006262022903623543,-0.018693295907824536,-0.010685488541210542,0.0023981655170226546,0.06934613488086083,0.025563010180673418,0.04586577928766489,-0.0106103413010048,0.01953662264309508,0.00880921385670197,0.007625191639684559
1993-04-30,0.03404145037702633,0.005806830357661941,0.005806830357661941,0.03436580945291867,-0.026992756584065525,-0.0067929273104166965,0.027445120347295626,0.007135825330828904,0.014594496793974177,0.004245666603780673,0.03174501346419545,0.023068084080064555,0.023588388115612702
1993-05-31,0.006570430311202191,0.011339867337513576,0.011339867337513576,0.005727171070856185,-0.012092055726686812,0.014106209337072517,-0.013320446796619811,-0.010215948236115269,-0.004701740458269876,0.013867959099012062,0.004929557232240089,0.0007549598181719741,0.0006703217152457253
1993-06-30,0.014199174953794413,0.0037445428205356013,0.0037445428205356013,0.02716792171923088,0.05431821777138546,0.01758312053850264,0.006970621303919566,-0.007031193248692724,0.005724418671945841,0.014563500518369299,0.01583395690438838,0.007091261154959838,0.005917080176853107
1993-07-31,0.050045552739772514,0.04310800605696996,0.04310800605696996,0.03123161588767509,0.036582518934017205,0.028576697570156462,0.057110449200241886,0.019654009623117252,0.03234824185022056,0.05543567471353272,0.07542744912530308,0.014370438739815139,0.0159423812373527
1993-08-31,0.016964374741678112,0.011308338770503301,0.011308338770503301,-0.008982753741714755,0.005236098676348,-0.0070838323469580855,0.01023978630458977,-0.007572627729696357,0.007924398922078524,0.014459601551784385,0.02223006654166193,0.005262635880979971,0.004349753462199013
1993-09-30,-0.03357310938036451,-0.0382607675854153,-0.0382607675854153,-0.015728250864099125,-0.03405997972727548,-0.022890963078129434,-0.017900335661862332,-0.00917373586335124,-0.007765422083436446,-0.05348211262070801,-0.04938605227699777,-0.03231068259711434,-0.033151166668807464
1993-10-31,0.022220486464597622,0.037316932119574764,0.037316932119574764,-0.01072446728842713,0.030175705662077723,0.011722670799160007,-0.008020476335410587,-0.003966811467197684,-0.008031974684663323,0.041878721903100935,0.031145853439401128,0.00893197821967262,0.011101155432659215
1993-11-30,0.03399719878341578,0.019903718858751862,0.019903718858751862,0.029509596317995435,-0.014832844518401611,-0.0012840856624870556,-0.01770963754452226,0.0042068674061523925,-0.015119597810006824,0.01969640254246796,0.05359301036954611,0.0772856729679614,0.07610710334971316
1993-12-31,0.05181894298645462,0.06756719631649899,0.06756719631649899,0.06853793833868771,0.03846321495050575,0.03472348499068434,0.05119125523673396,0.018424736690723975,0.02926933790574182,0.08084533084417567,0.07909763078615839,0.020096835684611625,0.020452130136672464
1994-01-31,0.0011402162832103713,0.018071690652524675,0.018071690652524675,-0.026227616332607062,0.0257743365741383,-0.0444210492360555,0.07320801365783458,0.019576139212583277,0.02915302622863969,0.021823165643555242,-0.00614166404593286,0.005445927975365805,0.008283263769853333
1994-02-28,-0.0361418167291746,-0.046728862453406794,-0.046728862453406794,-0.04659612323628348,-0.03433705765999706,-0.03845218511446857,-0.048235194798245784,-0.009816468845752935,-0.02902299581998269,-0.058238383966166096,-0.05520807747992873,-0.012895517922086874,-0.019972912560148548
1994-03-31,-0.018340469915177127,-0.0319772638385718,-0.0319772638385718,0.022196727396436078,-0.00907978066478099,0.008345488111767496,-0.04581434583477406,-0.0016852611416900976,-0.023631533760776202,-0.03637447229506441,-0.02593557564796789,-0.003597655048852455,-0.00612733402151322
1994-04-30,-0.017059574094689722,-0.02469498850987828,-0.02469498850987828,0.0015336945456900786,-0.030712346569263582,0.005349496286742861,0.005704661835807867,0.014581538537052019,0.0020350529549642005,-0.03142896195383815,-0.023674469724244585,-0.007661454619481867,-0.007115193937841435
1994-05-31,0.026364034568478578,0.02975030606751261,0.02975030606751261,0.05484393800019771,0.012406561517598114,0.013173819004258513,0.030723353600821124,0.02884783245762601,0.015856431457721865,0.03755112276168293,0.04217714590761412,0.004513181909722608,0.004660613108452338
1994-06-30,-0.021123525497374285,-0.025316857097692047,-0.025316857097692047,-0.008930959047348641,-0.004389772536508407,0.01829599589611619,-0.006572136425140318,0.007571739161401858,-0.008895597122333454,-0.0210526139000915,-0.027469219086363794,-0.0010925858374928321,-0.0010995696043996084
1994-07-31,-0.006359138345215731,-0.013954107221392453,-0.013954107221392453,-0.01576457498520234,-0.01776309524159625,-0.009730724260610502,0.01976051125319289,0.0017779724867093005,0.008912730346467335,-0.011417985293028954,-0.009665803948388785,-0.00447200845052953,-0.004171443571361344
1994-08-31,-0.007431619911944631,-0.008437496393482347,-0.008437496393482347,-0.02078558786338125,0.013981805094236188,-0.010773887228594958,-0.012089946584914357,-0.01664359149937178,-0.006441681378241082,-0.00731271687671009,-0.011117679960920168,-0.015480474343747552,-0.015579669114852757
1994-09-30,0.03710534149031619,0.0611624360556533,0.0611624360556533,0.06581621930684811,0.03464535083444975,0.02964907067654088,-0.021017402617767855,-0.005763695076593134,-0.004106440512546272,0.05024118193855931,0.06167517143812473,0.043196514934804364,0.04353989149258841
1994-10-31,0.012708099853437904,0.01128988055385749,0.01128988055385749,-0.00019856965426368056,0.025709699650027673,-0.005750264434384533,0.002091329982921053,-0.0007768966583733272,0.002145892062075383,0.01168799599996695,0.027966815053883654,0.014759308810585514,0.016962994946187138
1994-11-30,0.04772517085032035,0.02222547120630014,0.02222547120630014,0.03644284344137949,0.016748858850117454,0.02662102276958267,-0.04695653575686942,-0.01266280020936783,-0.033208284534531174,0.015048921407221139,0.08017384467889532,0.03449224784661986,0.034563953099181255
1994-12-31,0.007283264026738845,0.014178672540974269,0.014178672540974269,-0.0051218116088296295,-0.010846027382699353,-0.015241034522531116,0.043880649558807994,0.024215280760802482,0.024052498898732066,0.014478122509389069,0.014567629821498285,-0.0006788942432862655,0.0007189913008647242
1995-01-31,-0.012189359811914713,-0.018544986706588773,-0.018544986706588773,-0.025379162648264897,0.0018353096345782305,0.00425836533969659,-0.022287309751646056,-0.019196638760410556,-0.018799018675981882,-0.02153520300472611,-0.019906239370759415,-0.008826095087216101,-0.010045117894611155
1995-02-28,-0.0025850887659618627,0.004768692792079365,0.004768692792079365,0.027021830185602225,-0.007662948707313544,0.015499807451855974,0.03163668481265547,0.007892349042332825,0.022239808401165684,0.011213027256106178,0.0001951358498757383,-0.00437938531714499,-0.003671318670735446
1995-03-31,-0.016681845794085937,0.00873915471253417,0.00873915471253417,0.001950170860903544,0.006644381775340991,0.004113882200868613,0.033077983091395646,0.006879260240659546,0.027103304879337875,0.010975008310418088,-0.026644829608221454,-0.010886491462241854,-0.010407773701674339
1995-04-30,-0.011222135768902408,-0.008366535823058463,-0.008366535823058463,0.006889899589083592,-0.023596337045427074,-0.004623294982239234,0.04641348616257601,0.015394843496400856,0.02937956912093087,-0.008264194418706294,-0.02166319207944567,-0.009607350906142065,-0.009628970451086127
1995-05-31,0.018099083577573616,0.03756478831748589,0.03756478831748589,0.029482460008494416,0.04594055483152393,0.031881091076418455,0.0159318699817792,0.0002375373971845729,0.022517475768652373,0.04476717236014993,0.018635464646820754,0.00834361738619438,0.008521448313154156
1995-06-30,0.004426127027993942,0.016599617866982053,0.016599617866982053,0.03520925559688304,0.024560278431323024,0.012321396929304784,0.0033007860791909316,-0.0024954190217558736,0.009354133907503615,0.029130695375392257,0.011138296027960015,0.005609116506047673,0.0051070325134472405
1995-07-31,-0.02384224555210257,-0.0343280422992126,-0.0343280422992126,-0.024643021431784207,-0.05361869406874842,-0.026407985670545697,0.027174561349504467,0.01187593646519658,0.014553165692913872,-0.0448127196909156,-0.04636586566732104,-0.04075434543612144,-0.03870454904732934
1995-08-31,0.005125188269849534,-0.008529621705241741,-0.008529621705241741,0.009053830633965143,-0.012356557254280087,0.006902096332104479,0.022731378942017377,0.010408937015193409,0.010419783527723325,-0.007418682510033969,0.007520555728596001,0.00500772874505806,0.008294690605926913
1995-09-30,0.02859820376896338,0.03274191675184879,0.03274191675184879,0.03646367101460668,0.03097154177715855,0.0059811415708173055,0.0168173689571951,0.00015176471676681125,0.016535503491760473,0.04696726671049367,0.0485766452949723,0.019104710510200906,0.02011084441451283
1995-10-31,0.014496053297170075,0.02360285737825185,0.02360285737825185,0.03292201985644061,0.01289370581656879,0.018415726869063676,0.015286654788399412,0.0050864789318851855,0.0099601420958213,0.03412455013316196,0.021083850754452405,0.010291978959717785,0.0106191487638434
1995-11-30,0.005261977972795817,0.010407828525981655,0.010407828525981655,0.015808562204018717,0.012230662724934671,0.009980629066941082,0.02625157964387803,0.008774721856020129,0.008864487874923555,0.013708289024520148,0.008077880229551582,0.0015072772086357489,0.001099283581852628
1995-12-31,0.09312304744541189,0.08881251247627042,0.08881251247627042,0.07053756427134927,0.04268429600486412,0.06691260913588915,0.07375099370532712,0.03827534982991265,0.03811174970496589,0.1370579090807884,0.15971203325882777,0.0280808113089126,0.028080515959804764
1996-01-31,0.001007451063178122,-0.02148733459289487,-0.02148733459289487,-0.009943989324624591,-0.01716482787939899,-0.01121421072002493,0.009461515411995025,0.014958859673511071,0.0010689062022959384,-0.03558528252298476,-0.0011890326812469265,-0.0032841105389780356,-0.002926092328202734
1996-02-29,0.009452879235098743,-0.011329810168769439,-0.011329810168769439,-0.03482269817872563,0.0034086635330674575,-0.019279341109246118,-0.005387413960795451,0.01292243525229142,-0.0024328576683230185,-0.01976062660866784,0.012403338006746756,0.004437737205143177,0.004349835803111324
1996-03-31,0.03234038775164905,0.038402199548356775,0.038402199548356775,0.08526809650052214,0.03890957321597854,0.04759860352840262,0.03691228643894062,0.029219826789713244,0.022442956912562817,0.05394989908082959,0.047319855502291785,0.03280446958097416,0.03267411470202153
1996-04-30,0.05180988806700304,0.056442524070487554,0.056442524070487554,0.0562356572605871,0.060454398809609344,0.03809082224807492,0.04503044057114636,0.025896983220750958,0.02820886797469857,0.05972657063439302,0.07743709354193995,0.03552629115117689,0.035389587268266576
1996-05-31,-0.007950471084803401,-0.03041459696396842,-0.03041459696396842,-0.02410803836730313,-0.01568600619214322,-0.012849125106612846,0.0008995451105957564,-0.003024634704357876,0.0019707427734523275,-0.027939820440778917,-0.008671231823383918,0.0002556625171949989,0.00025471236265728336
1996-06-30,0.014235352380098432,0.02724695060977167,0.02724695060977167,0.02950931389128919,0.015838703240623753,0.002162700344320534,-0.013714913605769485,-0.0012255472272585388,0.0009374445907741613,0.02548624144574463,0.019154416316331302,0.021691533296280152,0.02161093853145557
1996-07-31,-0.036996304794286616,-0.0326016453372574,-0.0326016453372574,-0.03984219240762821,-0.023796183784288938,-0.016012605527835566,-0.008949389625633852,-0.009397733650575169,-0.014374471661015686,-0.03060611479005859,-0.04558539723027211,-0.04714804641787018,-0.04756128447556396
1996-08-31,0.018129803856834492,0.006207320260416038,0.006207320260416038,-0.0013199760512700998,0.03266934007878963,0.009278711069296008,0.03688965452631443,0.0252588927811499,0.023898781907322197,0.00813792518993206,0.02866519838455761,0.010316555615401013,0.010335176292219472
1996-09-30,0.04410709119291112,0.04872302936751671,0.04872302936751671,0.022166796161708247,0.04667973736059827,0.031048338266492115,0.01712944947727979,0.005932372749157144,0.011671659593344597,0.049416817155534476,0.05267537712009962,0.033655414546896134,0.03354694406064507
1996-10-31,-0.05909302605245226,-0.06368197060348235,-0.06368197060348235,-0.0027882977543649545,-0.04452859180988611,-0.0038689937693121568,-0.02851614788513901,-0.016826208891950523,-0.01838225734656962,-0.07517818268423448,-0.07790557106590934,-0.02195255570795618,-0.020989709045227345
1996-11-30,0.038356219958951776,0.027472130677160367,0.027472130677160367,0.01780107326521496,0.04284986358398357,0.026455266568322644,0.06720253829388789,0.03369278479604643,0.04414600073313779,0.03824856888855965,0.05759719355438575,0.01881706592010368,0.020026099531915253
1996-12-31,0.012040193720161074,0.026924031483484878,0.026924031483484878,0.004577287692951515,0.022987977389338665,0.00826955196222734,-0.039080952329929364,0.0011603566419911004,-0.023118925388709743,0.03628932567649601,0.02255131680225464,0.006146206518077291,0.004998658648747378
1997-01-31,0.02593591025741726,0.024184596988866547,0.024184596988866547,0.019925865314082802,0.033407535702289826,0.013502354971109742,-0.03880828381663037,0.002323975624903163,-0.015211465391411494,0.025294750612011585,0.03536275837224312,0.015894907452092433,0.015829048324537798
1997-02-28,0.01318279711966186,-0.023832677663361723,-0.023832677663361723,0.004281185490898398,-0.053673772086886395,0.0015356813269187253,0.035200219887006945,0.007385630834018997,0.02708098067224607,-0.026986010398036386,0.016432420749016297,0.008047288779724715,0.008014465125538495
1997-03-31,0.017683732971685462,0.027145565233529068,0.027145565233529068,0.02188422842609694,-0.007817973163276926,0.005803306982664624,-0.013917286409325103,0.015378472709760338,-0.008934016614280171,0.03385552860065766,0.02874224298833017,0.01327565547183096,0.013221936641123477
1997-04-30,0.03668136488100715,0.04281948837263627,0.04281948837263627,0.01181899377487916,0.03406689398570428,-0.005730769261332758,0.04268804275279092,0.013001669294374407,0.017091014130591553,0.046739123356630774,0.06342619413581829,0.016109558248724065,0.01604522290503496
1997-05-31,0.018582492711198162,0.03802626793819375,0.03802626793819375,0.007262316316316353,0.03575889160009549,-0.0022128965470714634,0.04505283679329808,0.002410016932101744,0.01783114289198018,0.04356039613428231,0.032229407161474155,0.00862582149697455,0.00859191730314901
1997-06-30,0.014577206079404492,0.017651837253059632,0.017651837253059632,0.013282364368843336,0.0146828387922322,0.015927069408710137,-0.021098910677350813,-0.01646698682007164,-0.009304137580459115,0.01991166127999744,0.017242053919727995,0.012395355222833526,0.010488053806397613
1997-07-31,0.03927495361152822,0.04511536659673521,0.04511536659673521,0.009788318026936915,0.06293607528971612,0.012430197676141397,0.0658129534789913,0.02347079440184685,0.03590384289255755,0.05788963518054979,0.06222905091205688,0.02430048072792612,0.022822464954362687
1997-08-31,-0.032322461850002426,-0.035396915333926304,-0.035396915333926304,-0.032811562820396656,-0.021914227548856413,-0.0311272025660857,-0.04518181004373811,0.0034563511179528383,-0.029605178992084924,-0.04351656611249721,-0.04990737317087057,-0.014112043919539907,-0.01358438469497436
1997-09-30,0.006701765745597665,0.010171183320041521,0.010171183320041521,-0.0206147746192884,0.015453671480392117,-0.004933421995456211,0.03774523976026112,0.0015942132676229903,0.024687762696524507,0.015768162825654075,0.008144922357010698,-0.0018714620461320886,-0.0011787437805479417
1997-10-31,-0.005033703577368542,0.013463647372535137,0.013463647372535137,0.016666837964449677,0.0051309313993708194,0.015095696594705332,-0.017933253053875386,-0.006952346714023228,-0.017123797893832338,0.015592027650905393,-0.0019475668920899691,-0.006160788186371224,-0.012284650671706587
1997-11-30,0.02453385153894838,0.01952297046072604,0.01952297046072604,0.011003333572407792,0.022941731585232272,0.008364194078139153,-0.03154749950152802,-0.012178181298761581,-0.0217412778624414,0.01988555871316433,0.03454799011036225,0.002829659665506856,0.002700802977001704
1997-12-31,0.04718793182775549,0.05197758931351881,0.05197758931351881,0.05283618753261221,0.05403281195055354,0.02622399339503545,-0.06081260095483365,-0.02940581602148551,-0.0315742493137926,0.0631410656285607,0.06522002472407751,0.03887323090285988,0.039856310614318824
1998-01-31,0.01908829734302464,0.010331648932518922,0.010331648932518922,0.0029457835128325893,0.007752088570010862,-0.009178352696834091,0.028534149717500012,0.004501774231997935,0.00823694891669069,0.013518950825156306,0.02350881011644579,0.012407400782575628,0.012782094358001705
1998-02-28,0.007089543579587687,0.006364722750510143,0.006364722750510143,0.018859875152141603,0.00593157584819215,0.035833390458629655,-0.04860704707876107,-0.01780844213120858,-0.029390807240963435,0.006791669981501158,0.011358055733168726,-0.0012835171601603967,-0.001250521486207079
1998-03-31,0.01103462620968454,0.017746934097222944,0.017746934097222944,0.010391120999352355,0.018948968058113858,0.010727214673855956,-0.005603862353654954,-0.00042308927474710156,-0.0035118670629515902,0.02436812365268226,0.01623649301475716,0.011697012965520726,0.011733994890066102
1998-04-30,0.017687075451281453,0.02902899288346439,0.02902899288346439,0.020712718801346952,0.019192809729541294,0.016259019065652636,-0.03179242213496114,-0.021744239662306875,-0.018172292504451515,0.03789685162252199,0.02854927790186723,0.012023395768092193,0.011790603013609902
1998-05-31,0.01942914698939302,0.02259035056118175,0.02259035056118175,-0.0018840505958025444,0.02863581357488343,0.00031974391729039375,-0.06069086816001745,-0.030348821886063138,-0.034546313845059795,0.02655390227573684,0.0291926805266296,0.018917406486157695,0.01894387207829107
1998-06-30,0.011740954339829468,0.012867092589271767,0.012867092589271767,0.0010722450085951518,0.02043117244723014,-0.0013333986209721482,-0.015319294046398091,-0.014067381378437438,-0.006377683921175548,0.014400197365361134,0.017333500519318257,0.01249334848501471,0.012694555353113257
1998-07-31,0.03718662450215571,0.035275195535804604,0.035275195535804604,0.044809697268266335,0.04815501693428148,0.03170838860313063,-0.07603218444783211,-0.02818791822718436,-0.04707776430041888,0.042991116890216396,0.05786080663808857,0.010620731078482937,0.010581773194858313
1998-08-31,0.028406020300699275,0.06849428990327877,0.06849428990327877,0.06289271694362042,0.0641461273634314,0.048763198255606266,-0.07707105954556492,-0.05992709404874019,-0.03278460317737264,0.07745201112980293,0.04645658615972037,0.019469349517441836,0.018693282994350247
1998-09-30,-0.03837817963365642,-0.008668654587239977,-0.008668654587239977,-0.011585697287283536,-0.0003294894786717295,-0.014331324638265919,0.11875083195439884,0.03781515489445009,0.0693536209985437,-0.009105767768200823,-0.06496333529841813,-0.026775927411059386,-0.026428211345576713
1998-10-31,-0.018464569101663497,-0.03942272457273144,-0.03942272457273144,-0.03942311452237135,-0.0208539358023061,-0.021476783849103342,0.014960505532899182,-0.004126472507746559,0.0018254040706342511,-0.0370797045570499,-0.03012887607825876,0.0024902629666780918,0.0019209350078888132
1998-11-30,0.02115856762498125,0.03353898018885748,0.03353898018885748,0.060181553985424685,0.020263091094607333,0.013542525025781238,-0.03497553147725685,-0.027998317984802013,-0.02068493000827243,0.026329136387669427,0.032137878400522624,0.007181466293813665,0.007211233451209109
1998-12-31,0.0355607899193735,0.05835561494411223,0.05835561494411223,0.013180162438892973,0.04219232370156223,0.016822931028304344,-0.041060620338503884,-0.019520131123006657,-0.020999908863356564,0.05372435842077916,0.05309993606152541,0.03619175340754022,0.03362528566253897
1999-01-31,0.00809862953496765,0.0025351512063256365,0.0025351512063256365,-0.007838036678188831,0.0060644936170237695,-0.0027257867699516103,-0.00975140794908369,-0.006249822203085675,-0.005536399967057015,0.004210110530078026,0.013339984417989115,0.005762963937943066,0.005290541614306976
1999-02-28,0.012846405424548735,0.009534959665459697,0.009534959665459697,0.051307471522642256,0.005664138471278557,0.03224923635211674,-0.08927002917477467,-0.024008438786734865,-0.058306484440812545,0.008077612032220127,0.020398550922637426,0.00507642952791576,0.005661384811055603
1999-03-31,-0.0370863233079447,-0.04518641699975079,-0.04518641699975079,-0.05499539316600066,-0.05515188033549734,-0.0310144470949556,0.07975190090616935,0.05420978333270687,0.050181151947858105,-0.04207167297823122,-0.05694490431633814,-0.02342676882600081,-0.023940925929116452
1999-04-30,0.005811739025790574,0.006126309595258395,0.006126309595258395,0.047973500366099486,0.0042945766397990415,0.030640595693040895,0.0030201351488099437,0.00023146812397234484,-0.00012030736021761967,0.006099743235664645,0.009257598496267283,0.0019501238783030672,0.0022503866689014274
1999-05-31,-0.0028533049825920642,-0.0037092509936603735,-0.0037092509936603735,-0.02068674702579576,0.0025677054094039864,-0.008846432207720856,-0.07874963571238547,-0.016582051679975507,-0.04200871092117753,-0.0026974663157492973,-0.006168552327777688,-0.002120853174006787,-0.0023291228259919583
1999-06-30,0.031124962375723486,0.010249288762461672,0.010249288762461672,0.0032704884659195965,0.008815564957440625,0.03567609602399613,0.008538818113326796,0.011822606614833475,-0.0010056577108809028,0.011300749677731536,0.052537250011651215,0.03964541212535955,0.03911788915756542
1999-07-31,-0.003262673355708401,-0.0010958832215128833,-0.0010958832215128833,0.0018989604344350486,0.0007408648620048641,0.0023005648725775707,-0.023817197401011958,-0.006259346934896048,-0.014387436924798824,-0.0012133764099434563,-0.00539133881501741,0.0071274254670112835,0.006173539514849891
1999-08-31,0.0024609909520949547,-0.004924996720628516,-0.004924996720628516,-0.00022017172374733107,-0.0005130951453702348,0.008284924024936302,0.03331460479714843,0.02091147409584493,0.014866345540802683,-0.004393743533527061,0.0009472957650213942,-0.005498115602264875,-0.005395808671706082
1999-09-30,0.003306348908510559,-0.01569391962010891,-0.01569391962010891,-0.005570257267171197,-0.011523491155558618,-0.0037447587265609927,0.038574443052097784,0.0076488509438448204,0.023535109455297798,-0.015056840389143233,0.006227934041918903,0.0010450976768261455,0.0006660864067227212
1999-10-31,-0.007622429978505818,0.006953875395399045,0.006953875395399045,-0.0282279999406434,0.007800748049485273,-0.011007834912563519,-0.012822691562383248,-0.009800714450643233,-0.00868765798353699,0.006342478313870581,-0.013921255891809592,-0.009502774766230404,-0.00929352109364645
1999-11-30,0.03912919803568027,0.05979624412295759,0.05979624412295759,0.047235971037487,0.05053533233685892,0.02605022455498296,0.015648267673137983,0.008455054270108953,0.00899929274726774,0.06837918524165043,0.05902334037835688,0.015263637477885617,0.0151373355000064
1999-12-31,0.0425040912887229,0.05685067292610091,0.05685067292610091,0.029340845587191522,0.06686227939239164,0.029217251264176847,0.02406424277986252,0.010274783368983131,0.008906776735782884,0.06764558382341801,0.0660740272170448,0.05158264091951392,0.05017367844189602
2000-01-31,5.36624257978513e-05,0.01103870020626374,0.01103870020626374,0.007795181363190906,0.01393054527796811,0.009856144631221087,-0.011648062221063293,0.028257056456737928,-0.005801461331658153,0.01626787552142961,0.0014610499443759029,0.005167836650005864,0.004500517556935257
2000-02-29,0.01676623222376583,0.024953465549624188,0.024953465549624188,0.014474464071945414,0.014071518503305569,0.00028019154843761385,0.009703750148763568,-0.004999504825817458,0.007866044253016513,0.02681701930141056,0.028386939450152582,0.0034852685196238298,0.0028529609752310225
2000-03-31,-0.015410070728425151,-0.029809556522703895,-0.029809556522703895,-0.03222316003061698,-0.01638231349902508,-0.012419508844601523,0.065236835677142,0.013712325985085094,0.02556746368937768,-0.03212653942905064,-0.02400871043174857,-0.007940547895425087,-0.007521765666939961
2000-04-30,0.02401957221179929,0.02046270098045544,0.02046270098045544,-0.005172900387497403,0.018855747620936558,0.011356948811661827,-0.05932781539403997,-0.00816621916788507,-0.01531543424957349,0.02356669170884973,0.03605094813560994,0.021164898321783365,0.018906889994211085
2000-05-31,0.007196350244071947,0.0069471101434688265,0.0069471101434688265,0.04239056214500514,-0.017540272768993614,0.0020090452465391095,0.0024017210562781166,0.025671487682706218,0.0069905881741623155,0.007429018643860585,0.016545705248512288,0.011969550125938255,0.010440226302439015
2000-06-30,0.02635025629476151,0.024156023753714173,0.024156023753714173,0.039274038817343815,0.01022733836323364,-0.00390670341998256,0.028982272495355232,0.002536666371552476,0.0131344928566699,0.02442156924234795,0.03676844659168266,0.011103617673452026,0.008311217576280061
2000-07-31,0.013564810967300112,0.02371307249305321,0.02371307249305321,0.0061809838412405504,0.014776304714596122,0.01127479075925164,-0.03407434157502387,-0.015744082755975275,-0.009633122120236481,0.020078811113710016,0.021165138146675755,0.013347996148277197,0.014981764248108043
2000-08-31,0.026796417419843843,0.03534850901020481,0.03534850901020481,0.012694884476551982,0.029271473569758788,0.009713712794034102,0.053514118104090125,0.032802033278960474,0.02702686857099268,0.034852555885857894,0.03503837276781718,0.02776570146036983,0.022331085599869516
2000-09-30,0.0015690068829974368,-0.017755471990699823,-0.017755471990699823,-0.0063236747820288874,-0.009987280509170193,0.0010148872556889899,-0.02936188014376484,-0.00979033602054391,-0.018712456542125944,-0.02057659809085499,0.0026262792070941288,0.003985593655987607,0.003650205998430245
2000-10-31,0.035740245465909926,0.032865810868680345,0.032865810868680345,0.03357007177672844,0.03394112818722439,0.01971287559664736,-0.03513249750006364,-0.006368142407127464,-0.012361888296488543,0.03980483631727294,0.04393661426918127,0.018359683714759267,0.018128432835145647
2000-11-30,0.018084040623144393,0.02097559707480645,0.02097559707480645,0.03510366176428281,0.04208382701648272,0.041926107697682014,0.05398992866183594,0.021099833447704608,0.02581001559945917,0.028795239284608254,0.020293102869735513,0.008308185452078565,0.012045265652047332
2000-12-31,0.009222027301806213,0.006694027210998765,0.006430447413184881,0.014879242787110725,0.01130036821294289,0.03858815108945213,0.029413511271197512,-0.019420252952405792,0.018746135955765908,0.013326060492327096,0.007075112767290781,-0.00022909982625363146,-0.0052800535623864775
2001-01-31,-0.015866897136490254,-0.01325282595508026,-0.013173256365676123,-0.037699988182566146,-0.005470575376130493,-0.028656619398310434,-0.006816037818272003,0.0047835827001179165,-0.0027061495763690546,-0.018453828594059307,-0.011259070788077308,-0.007160128577142211,-0.007308833754963495
2001-02-28,0.04988105656358077,0.048151468743414805,0.048160195850522,0.03081138237465031,0.04998068829393665,0.02889498819204528,-0.034046693747064594,-0.009854570421923059,-0.015453633219597251,0.07392853540578304,0.06417807200464343,0.018668695603029084,0.017874360616495055
2001-03-31,0.03851393459510555,0.05846193613952444,0.05847204509533732,0.051077283285208,0.04994779007496675,0.053346733399925794,-0.06835790292621202,-0.0307705722216024,-0.04035236716776813,0.08506535313538,0.06085229925160163,0.020157841481782013,0.019402925627254763
2001-04-30,-0.029167710688828508,-0.06777083212042112,-0.06778190336715728,-0.04965690332006356,-0.05423970144530532,-0.06704926831125957,0.023567789484110868,0.024590103756349624,0.004769858609991573,-0.08287313104456129,-0.04186800102803512,-0.006007099489208523,-0.00584744510931845
2001-05-31,0.014168943471137618,0.025638644270467692,0.02564313721688083,0.030612142497802308,0.029183063946707888,0.015527685924515255,-0.006406570829627145,-0.010803029706016432,-0.001883648392761672,0.024462699326375237,0.02059837080285698,0.007229862859050806,0.006814143792101657
2001-06-30,0.02432484881756336,0.039152736895458284,0.0391594265244084,0.043332659632151715,0.029942464628542664,0.01703166426954228,-0.012745116151128832,-0.015639952851912442,-0.007415179264372185,0.03993972229648035,0.0345690410599937,0.041051370149749244,0.038170226773390326
2001-07-31,0.014967872933657755,0.016790879518007396,0.016793640293985446,-0.004896477438223301,0.040761902948215356,-0.004389552873772518,0.02827048262768339,-0.004280671647194367,0.021068483320624054,0.017256168441623254,0.022023586735024248,0.0033645768492609474,0.0017762848317046664
2001-08-31,0.021501937513069835,0.023808652375568284,0.023812502366574728,0.013295884205745345,0.024285815162421454,0.02063526881795874,-0.011460288792845552,-0.022763650826643445,0.0027218575931424738,0.0256988125153379,0.03420737672968599,0.013349656065598348,0.014756560132577645
2001-09-30,0.06899258453625734,0.1127786205158523,0.11279643327724198,0.08695099006945028,0.08649857858547372,0.059847924131729346,-0.07022763514870822,-0.05646576671700132,-0.04401620249067417,0.1068652092209621,0.09396020479321887,0.028912871156193454,0.02337519734454352
2001-10-31,0.019432271529750578,0.025745784988847387,0.025749439210488,0.0024450047658213236,0.023951009237346055,0.01662030452384955,0.0471697754507574,0.005889278158129008,0.02184520101332632,0.024268928211715002,0.026282019294674885,0.007975461543921147,0.006215054018550159
2001-11-30,-0.021409294213782126,-0.05037616226285635,-0.05038313290099683,-0.036572283057282995,-0.0416028620618597,-0.029988048301780812,0.012855794416312127,0.007285394366309594,0.002215090662799346,-0.05491955339452259,-0.03211573690971692,-0.02079957618272632,-0.01665367696288389
2001-12-31,-0.007711562820370332,-0.012831434412884035,-0.01283330412286976,0.00033975592258816967,-0.015145364090540125,0.00022406245096218136,-0.030478302243353017,-0.002056210157656446,-0.01954046566693557,-0.012182110364341026,-0.01132929237896585,-0.0031288300618279585,-0.001929376035240904
2002-01-31,0.009221302854310887,0.020200852482473053,0.020203834280624777,0.0015683676246527334,0.015022323379978442,-0.001087713154536596,-0.021360418999897046,-0.01368303576667984,-0.013910311207559034,0.018813525833571765,0.01408454422666261,0.009700827602347362,0.007812321165384883
2002-02-28,0.006922697376399833,0.008627508303844289,0.008628756569376339,-0.010875169759120618,0.015273441809770416,-0.005307408015324033,0.007928525343621873,0.0022926308022472863,0.0072526581806533486,0.0074382278236775345,0.011259246940851009,0.012789264001013878,0.011062289826784477
2002-03-31,-0.03586140461692422,-0.0552814605033336,-0.055289390440659836,-0.02070424323232889,-0.06350947767875914,-0.022897194722302894,0.029133015438519205,0.03965424076135182,0.014436758595877341,-0.05438696469515547,-0.05185086552454721,-0.04481392170833598,-0.042073416873837255
2002-04-30,0.03274379700844521,0.018186293752531446,0.01818905519281211,-0.01728770353814102,0.05860168056073323,-0.008960190418674685,-0.0032916320391374043,-0.014968954708941995,-0.0027011943427008855,0.01945814087437059,0.043334176566523386,0.00875156236271657,0.004361792484833149
2002-05-31,0.05106571363030654,0.02919458006205833,0.029198933829850615,0.021120263332677247,0.016976498978903853,0.016341546014437602,0.039203725875134765,-0.004051838742806457,0.019955344966916977,0.03183363177796483,0.059782294062312946,0.029854940323793766,0.029449953864973732
2002-06-30,0.03287589406787994,0.05528525827697561,0.05529326902450871,0.03924013546492233,0.003245251204123445,0.024855580879012518,0.026543563325686748,-0.004309613625841036,0.012743867100713624,0.06427484677789841,0.04631498165019199,0.00361314051051842,0.002854884858461748
2002-07-31,0.01623913588396686,0.04207304174674653,0.042199721248723954,0.05230336260668911,-0.021208889191187352,0.041610160771709426,0.00920673385057924,-0.008506982011670106,-0.002781858949980398,0.04236500614918004,0.025100881383511187,0.006835301218313994,0.008641096453351649
2002-08-31,0.016034116480351468,0.02792330630463291,0.027927529205098223,0.02940260270628481,0.004381756757351196,0.039009870825491566,0.047767414133337516,0.015604365417317023,0.026947084368267538,0.026705251104504057,0.022406376575119236,0.009754354668180198,0.006955825492793721
2002-09-30,0.022158321223408883,0.05863791425909226,0.05863859629294388,0.052924601624278145,0.03181543036549783,0.05302150852318244,0.012816451976516374,0.0028196847815722403,0.013983647392412424,0.05260479869716339,0.027884821003716587,0.0056984339466532585,0.0062861809226253396
2002-10-31,-0.0064702258711896166,-0.04017345595263755,-0.04017389733897636,-0.029094520781332123,-0.03207815712349338,-0.020514112954270414,0.026644826842761482,0.015682204415802037,0.015004356785379702,-0.03216571371717225,-0.009936867006024586,-0.0023090776632629373,-0.0016620930767471398
2002-11-30,-0.00916563346906707,-0.027065853093725112,-0.02706616291330277,-0.009410462261319585,-0.03866047263270622,-0.011160920349305936,0.009718947241531328,0.011821463644616337,0.0026046951876204094,-0.020707256425144593,-0.014323698264454454,-0.005601536419516107,-0.005813048469956783
2002-12-31,0.04797543470292309,0.08749377669828551,0.0874948060907681,-0.00885130004879986,0.08271784492209822,0.016831782090511505,0.03635591638700886,-0.0027449851082622656,0.026402690920299454,0.0665229969881842,0.08757870321846895,0.06188942912873707,0.05445146438475468
2003-01-31,0.04058855980325404,0.04817843091807972,0.04817895214794232,0.06544804470244348,0.043099953649481826,0.04536639813317689,0.03601157931202659,0.018363124872093017,0.01544308968365038,0.04030396166198358,0.05035544533681602,0.054431737447733,0.04929911678217502
2003-02-28,0.05010047175838661,0.053381786786718566,0.053382337764782406,0.04384161105201989,0.04857839599212177,0.05639007538581531,0.00582851675254048,-0.006101590005012092,0.007849355048173967,0.045550184068355204,0.054823886687746404,0.008488695240302713,0.008630350896586814
2003-03-31,-0.01866698057839178,-0.03328780903922279,-0.033288135206495206,-0.023139265652192265,-0.023846393148047818,-0.021753310352717548,-0.03583243701058725,-0.026595967759365458,-0.02437844062215333,-0.02996278319700707,-0.030131807219328954,-0.001662933076255202,-0.00010208780044762555
2003-04-30,-0.0021937756559265997,-0.016964664625509274,-0.016964836575992237,-0.018615999695257957,-0.008082004476163474,-0.012165185296725611,0.051216738979842136,0.01796452048884789,0.034015356661704965,-0.014371562608420985,-0.004274480302692618,0.0003121716120066953,0.0012760344727928974
2003-05-31,0.024984494906298504,0.024538380966457662,0.02453863397487699,0.05011680074928204,0.03311834384411694,0.014756163027378477,0.08719371574589974,0.022938530052122763,0.06018581366032505,0.020159327110330194,0.036701495792444305,0.04967321698610161,0.053151350764634175
2003-06-30,-0.01476449377164335,-0.041376089402866856,-0.041376505802339536,-0.03139822640957013,-0.027962098835902394,-0.01671839415975973,-0.00859676549515176,0.01133618082794885,-0.004532721236768511,-0.0334691439846454,-0.02080803270122067,-0.018346668057464433,-0.013856791875731078
2003-07-31,-0.02437581892207663,-0.06933415055442538,-0.06933487843454866,-0.02667922317374638,-0.06266446815971671,-0.018698297924872653,-0.015638804389630945,0.013909227765376508,-0.011599926856405984,-0.053122125492936934,-0.03303647892604933,-0.01807298541069058,-0.0158445319100744
2003-08-31,0.005304829919888565,-0.027386519108783758,-0.02738682803591963,-0.01530835518420659,0.010664059717303331,0.0070184243441953065,0.05325950383543354,0.02882937597643731,0.03559337590469247,-0.020179616144853196,0.00768665953561376,0.004257339331628529,0.002649070859051861
2003-09-30,0.02198493650447575,0.05385035561869578,0.05385098016932499,-0.0005650591706188868,0.034029579039049684,-0.028350092280063133,0.05236537648601991,-0.0018412254934475625,0.03591750789432013,0.04040110534957808,0.04004635256849487,0.02342714394570211,0.02278605000816314
2003-10-31,0.04806360159729617,0.046773298289082055,0.0467738130408748,0.04290688234534068,0.04662337661377758,0.047062024420369664,0.05574778526557811,0.027611708513850086,0.032462339483901204,0.046396899297794114,0.07734960050273654,0.04252839513956497,0.04043502448014502
2003-11-30,0.016869093544194635,0.012794421980696358,0.012794556494760245,-0.0003927952313197425,0.007943425216056843,0.015123057235637116,0.017082337969678063,0.0027075349008205407,0.010499855680723869,0.013049410768134484,0.02976666239574266,0.002866154715280178,0.002793593364184499
2003-12-31,0.043678769300759424,0.0518928459075243,0.05189338459037929,0.02242618653137396,0.04979670721085716,0.027833151249051724,0.06058983235558002,0.016458719422283385,0.035990225060266834,0.05468451587619527,0.07076884863893684,0.015277490469433719,0.011897452167924039
2004-01-31,0.025497609341438077,0.027734948611742638,0.027735222315844466,0.013303878771715683,0.019594133173140627,0.022549301189898063,0.051813373992933176,0.02346696730646114,0.026946702075486995,0.029538005438127124,0.04076252172289996,0.014193163997558544,0.012579293856810336
2004-02-29,0.021491011040310815,0.045674042333069265,0.045674480906329196,0.04710940109517647,0.03903141834316659,0.04435570688367507,0.07228052788829209,0.032377849610150555,0.04432788290240186,0.052384021332137376,0.03006989762146617,5.6176244692229815e-05,0.001091051479469085
2004-03-31,0.0067054854138559605,0.02303120223984867,0.023031413731290362,0.00587408405116796,0.017595375618672193,0.01178638439187063,0.023647329452502808,0.010334572183573698,0.013346312135886329,0.02499396982004276,0.009654923428268791,0.001952356257640897,0.0027338438974293666
2004-04-30,-0.026977054825235935,-0.05779813305953141,-0.057798651860801575,-0.06323384401575904,-0.04708400647068145,-0.032306150767195674,-0.06738440765636722,-0.011672741665136988,-0.040831369078257684,-0.05579777003726205,-0.035531122921519276,-0.016603681955483562,-0.012473155776366873
2004-05-31,-0.002571571641925119,-0.010072860878557188,-0.010072956839903835,-0.015496257197225138,-0.002985078057730406,-0.008799869814995254,0.009228489362724135,0.007561693101685529,0.00021725900254998542,-0.008722515243720363,-0.004572988146307244,-0.0024866677096645473,-0.002998548093657849
2004-06-30,0.012510028966077558,0.0228504947770507,0.02285071468246236,0.007559165025636583,0.01620245788317165,0.005042254094910215,0.0030278891315886902,-0.011621824012686077,0.00043674553354811074,0.020180597746074724,0.01784713167699059,0.008030937523595849,0.005633475282767586
2004-07-31,-0.02350809220636685,-0.03936034781962949,-0.03936071814800024,-0.00445692253679697,-0.028774596701456878,-0.008815753614543564,-0.019395244421233415,-0.008294831626102228,-0.01243543823091442,-0.03296896337306743,-0.034355803989815414,-0.028417027072090928,-0.023451656944522115
2004-08-31,0.01865125423497882,0.007685834188887242,0.007685909465267704,-0.0005286468693599389,0.016866567775140284,-0.015779076416973847,0.04235249931502927,0.007869297621392546,0.02719944398458707,0.006970267027574195,0.02771334679338322,0.023993712774102338,0.025504041326386062
2004-09-30,0.03137924056747354,0.03287985687464978,0.03288017644939245,0.015439695976702916,0.050181468015603636,0.02524198923734211,0.033079834209177816,0.016528168513280983,0.023819660868521275,0.03258127898627339,0.04625380737147422,0.028604176007833937,0.029033090119745086
2004-10-31,0.02459743181877161,0.033659039666155355,0.03365935639987949,0.02516606460044879,0.023167928367411994,0.012013120443490566,0.03733319985696748,0.0031608318401330493,0.023729019494629133,0.035069644520106635,0.02947711090613181,0.018828066822544676,0.01913854240243773
2004-11-30,0.03220980015771269,0.05318171228913804,0.05318219643638167,0.026123103789871482,0.023315649832831964,0.03240786534770668,0.056834751822912644,0.017384847292085226,0.03485712803555496,0.0657481172045995,0.03711678683203856,0.018912935783517826,0.015558620324747086
2004-12-31,0.020536419495937208,0.020787607488286453,0.020787787175075678,0.004028518051553798,0.0017053343060291493,0.007452420033362328,0.027972776407918953,-0.007321692775712485,0.013234990639363398,0.03043595540689159,0.029973822358653424,0.007449910857189934,0.006245003696657703
2005-01-31,0.012082154120742095,0.009365224997053279,0.00936530430092497,-0.009240696212155952,0.014134295306714062,-0.008394308233500292,-0.020028259385465597,-0.0006342187198892235,-0.011436580254774231,0.01234159334012408,0.017388063366951645,0.007795781382273326,0.007353395820952402
2005-02-28,-0.027716714519350538,-0.027179163766006265,-0.02717939178125439,-0.03237246693951501,-0.021757254542416615,-0.018990147792139034,0.06116052898828728,0.04310030043316693,0.037476089555200875,-0.035936597263824255,-0.026499214173716923,-0.02982609905273137,-0.029739609362510633
2005-03-31,0.014494041017164339,0.00414559524882141,0.003597884607484003,0.005891656041252968,0.00013766382371871444,0.00026576770260344773,-0.009472168167379946,0.004375332755903516,-0.006231099361103665,0.004043521651210025,0.016775618773210876,0.011503339145934044,0.010750963414088544
2005-04-30,0.02065781283808188,-0.005799785150607084,-0.005265623537596076,-0.008806519887307518,-0.018998726003040423,-0.020749653982313654,-0.01673013336362572,-0.008049726568599147,-0.007397576920148974,-0.006107370604161777,0.020223153954538775,0.01928644849301442,0.020661632042135114
2005-05-31,0.022075614803275023,0.023996748691390568,0.023921133478345347,0.0014402140207732117,0.03091900168986328,0.01009663758883561,0.04962132761189375,0.00762465668191159,0.0262624944364811,0.031633587659202655,0.023184132503139665,0.022259172144385664,0.021740879817442105
2005-06-30,0.02858284404661915,0.04046926742979551,0.035286637246732644,0.009221910991180637,0.03424464746199818,0.01442068030142818,0.028110165306146406,0.007333661558414306,0.016243395436295716,0.053798636315502524,0.047940494549675305,0.016771529852914524,0.018652462721395535
2005-07-31,0.021497105160209973,0.010934687573820101,0.010570582207668933,0.009816419324891745,0.022189974795886913,0.0186058971592431,0.03215547582306222,0.018621715286345708,0.017619980980060346,0.014949885152854225,0.02848233762432506,0.010957868542195826,0.012252094720951012
2005-08-31,-0.0027966803508086002,0.006298026165578285,0.004581790416296583,-0.011865729419359039,0.010652117371815928,-0.0011151984381714275,0.031132225960243343,-0.009129040865106242,0.015036625173870277,0.0054870598056500075,-0.0022663391995496607,-0.0031575848250708916,-0.0029433431904372087
2005-09-30,0.06814551134725955,0.052359235226861145,0.04748076249228661,0.02646962998687563,0.039415413136391075,0.034176693729739194,0.03157167707529007,0.015876521606556837,0.017041554090417188,0.06855992362218499,0.11305078476241182,0.07996595708563792,0.07689416790322601
2005-10-31,-0.0047382272975929896,-0.04324345240328975,-0.0400016359385158,-0.012557947731757446,-0.04454825987235178,-0.001512614438851978,-0.0654921856382894,-0.008225296377943114,-0.035660347790326785,-0.054455116921549473,-0.002297339900133921,0.00037593147317771525,-0.000395253124429229
2005-11-30,0.025849134033302468,0.04532494842779489,0.038501632465054225,0.027182272251792927,0.05601833053240757,0.02597529114848962,0.04983108823557947,0.015198676037097458,0.027756839147565326,0.050296027119642206,0.03373228173474607,0.0014518953842042048,0.0012354676545540677
2005-12-31,0.015441739272527677,0.034726797939109266,0.02978467184370026,0.010177636444825833,0.03635931714481089,-0.001360652819305197,0.05628386445580835,0.020110806380521096,0.03170113748806358,0.038695970648697786,0.018181391020796855,0.009372881713686665,0.00930534074821976
2006-01-31,0.01508832524002579,0.05208786511482266,0.04435803481086542,0.04138144051241177,0.04900103105124942,0.018113289737902605,0.057375636582259304,0.02521221789607031,0.038044895822545444,0.06291905530349773,0.019653774730485463,-0.0031964171945975117,-0.003660329207919144
2006-02-28,0.0029250945162873077,-0.015188991910837779,-0.014920650788855516,-0.00707384563084823,-0.012322923789443996,-0.0019940062743540876,-0.024088963044524014,-0.005298055582180106,-0.01547397054531896,-0.018076920496139515,0.004783752818648512,0.0027436997452348066,0.003231181301768693
2006-03-31,0.014939003126137607,0.02030116919085656,0.015204477959089857,0.017851309244257818,0.039599654593037714,0.03004989552533921,-0.018264972854230788,0.0069016629224558645,-0.009100897390078466,0.022873843983670428,0.01734982718513356,0.01170191384299435,0.013234310045347586
2006-04-30,-0.003133918028988769,0.022856929849004448,0.02097311360956322,0.019997011422943967,0.018301042797713274,0.013253839144368174,0.041787804505059034,0.009264235468680715,0.03127313877345772,0.026476079273147324,-0.0012781759745165155,0.0024290817239314144,0.0032248052912402514
2006-05-31,-0.03192382904585234,-0.05849322886541197,-0.05315596586162352,-0.020831490602510216,-0.040303616759946315,-0.029590520745693683,-0.03310954973775937,-0.00570755791978661,-0.018529642114602396,-0.06980250747057215,-0.036365992886136844,-0.00944974139126753,-0.00946510982849913
2006-06-30,0.014239730974829001,0.015529658258522039,0.01537581879641614,-0.002437904368426169,0.017487705198734993,-0.004714373532931471,-0.013079909898645159,0.0034805844861900415,-0.004452902732296149,0.01450975816148481,0.020623364071524097,0.003592979314825717,0.0030547887302228016
2006-07-31,-0.01838451568595767,-0.02776059109503315,-0.028732251817883525,-0.030845520031890006,-0.027805185217913087,-0.014225527652300562,0.016243124162902634,-0.008617475316047729,0.005805486523424941,-0.021395378739673787,-0.026964238320943967,-0.008238851058959828,-0.007119323772917796
2006-08-31,0.00038102662739158966,-0.00019199806891645466,-0.0004010470843535119,0.029348522648530162,-0.022582171664517703,-0.0023941659648155644,0.015458927592883587,-0.0024706241677668883,0.013780551836907406,0.00028158309302983575,0.0005301271090198956,0.001462456210782337,0.00019696579812000792
2006-09-30,0.007171154315522843,0.0023577855272263193,0.0001527279234161405,0.029342060755110255,-0.01753949013344347,-0.0034670471255381363,-0.021803993737346983,-0.0014211268718786751,-0.010156288623620724,0.0020259668443587397,0.00917170284743185,0.00715720599312486,0.00575049102072267
2006-10-31,-0.018020493429830697,0.006432090188410955,0.0023999138550798715,0.021455333739690552,0.004654151266626716,0.0025184262574740046,0.04671029471554622,0.02313126646006758,0.024513683106196504,0.0047384922963096265,-0.02191844825971767,-0.012956252846583083,-0.009239612412423104
2006-11-30,-0.013544969406191876,0.016028268473624152,0.014688753896593854,0.018310979120598425,0.014688774858765186,0.008391758002582739,0.06161117435961838,0.019412021262207757,0.03426097288219232,0.013265153165543442,-0.017797943328969335,-0.005696580264675233,-0.005082704247795333
2006-12-31,0.03557947396797578,0.023173299041024276,0.015532750796047212,-0.006341673389103075,0.03446808756050723,-0.008572483684159748,-0.042810064625474875,-0.003597200678653323,-0.019319399979855212,0.024956659423961858,0.053404098087733276,0.0306597929471093,0.028802044927960457
2007-01-31,0.02932774632122226,0.023786412940942858,0.019547997549907326,0.014579821752569444,0.0049120900173531545,0.009429193799709745,-0.021340223905616962,-0.004570928458298207,-0.015503924117595824,0.031878269739188614,0.0294371580914512,0.030443400964397238,0.03058363586262347
2007-02-28,-0.024996836371478204,-0.025284764604026178,-0.022243372009707274,-0.028135129430316486,-0.0047957696975873265,-0.02724317975119528,0.0513893080452974,0.009524176979956334,0.030616176735085876,-0.0346881264598331,-0.027279063654183533,-0.013592855796430992,-0.013005274158418012
2007-03-31,0.006340559372540522,0.0052161733679356725,0.0037296528574617405,0.014423487370623489,-0.02012649888874296,0.00635725188063474,9.339491386439747e-05,-0.0020339582128232614,-0.0027086815006047704,0.0015792199861959233,0.006397033087682136,-9.890370169785001e-05,-0.001737718195944038
2007-04-30,0.012657639296913548,0.028523459790299688,0.025207186756502686,0.0503855291252977,0.02379453294120526,0.01514043552047517,0.027538566134924336,-0.003613529266647597,0.011972563009114312,0.030723089794245206,0.016799303779807984,0.009132095078010272,0.008738559226032283
2007-05-31,0.01414387785848259,0.01776677682623551,0.015890232679472538,0.026243854526621035,0.02717266735575663,0.027465487991960025,-0.002493004826972234,0.011940735233403332,0.00019844913669864184,0.018305445437069467,0.01779802026525834,0.013006404507170721,0.012484215526368914
2007-06-30,-0.0017271934322941052,-0.01650059644004709,-0.014049033036347858,0.0014641870267191326,-0.006404726512669989,0.013881656741502768,-0.00707259742451527,0.006446504890819993,-0.002723847646750266,-0.01726546046714572,-0.0020900390187283957,-0.0034768155546712753,-0.002923221639946627
2007-07-31,-0.0315716964620435,-0.044469476118181306,-0.031040920294555296,-0.03862482998535066,-0.07029906381244477,-0.03944106685915838,0.025268484623176102,0.0022536835325273064,0.019006465504214365,-0.04332936791781561,-0.037785382598208406,-0.013587644417113909,-0.013292627032971294
2007-08-31,0.00018197747346948567,0.0011542703369220586,0.0023303332258508558,0.004477140945095659,-0.020762530646250665,-0.009975673047252553,0.0008604970794472422,0.002633261946889842,-0.0006735816090203128,0.0003496132756832804,0.0010480782074240302,-0.0010871817319310084,-0.0018012759137384649
2007-09-30,0.03316425317134697,0.07594264654394345,0.07400453231563753,0.0396141308067679,0.08448957551271885,0.021838882480960553,0.095397388263325,0.03119124446278687,0.05316975375999333,0.06376189263580678,0.05533889968680317,0.013121034016624789,0.008646974518337291
2007-10-31,0.028850045192860163,0.03964689809011723,0.040675869655493635,0.03428941289462406,0.041199672410818566,0.02473143236603237,0.038087979825622176,-0.007461199681291664,0.024126603526513524,0.034276645525758376,0.04603025991687604,0.05113787644642054,0.05203074741279279
2007-11-30,-0.022681052707445692,-0.03204807908008145,-0.03279081215401136,-0.0037929107750711566,-0.03402459964045568,0.0030769301006483563,-0.003750348801770831,-0.0019619136624573486,0.0007433950408732848,-0.026167885082376108,-0.033818378817664585,-0.020442646611971704,-0.01720974034474576
2007-12-31,0.010301723703226351,0.01446629544359257,0.01352384533078732,0.019719787007499434,0.021066849023648748,0.008350884052428675,0.01645945582564101,0.014433713731244913,0.009308815223398437,0.009851240201886657,0.014771678887494089,0.0038885340760308473,0.00266375386724782
2008-01-31,0.03210204827710772,0.01458253914241614,0.013428221368822157,0.08175637885892328,0.011936558158018196,0.04333366248871773,0.025896268538072587,0.00469329743033331,0.027274760401409637,0.011047631629440557,0.050263740943545354,0.04242390899111714,0.04202735792694101
2008-02-29,0.10360763664053096,0.15081960481134415,0.1499991422180076,0.10321777106634356,0.10079457419332205,0.09164910383322167,0.12235238190712039,0.044350762361736296,0.07584191092383774,0.11440538137056322,0.15294539617508596,0.026510848244588825,0.023172113884915246
2008-03-31,-0.0069366389456442246,-0.03373491504077375,-0.033619899941037756,-0.025416663208176704,-0.031243260851783528,-0.014739194568260339,-0.07166077756955191,-0.042831608103222396,-0.04969059237062634,-0.028285561371718893,-0.008468664477112142,-0.003353365011472542,-0.0027579041725874776
2008-04-30,-0.017897668304007852,-0.03859404878092165,-0.03877547341427312,-0.036112077082221083,-0.041248441672645075,-0.026024089679115847,0.018606612206852224,0.006099478390354074,-0.0004540529582149899,-0.029688199513253744,-0.022413165576758654,-0.004388942455081035,-0.003920210601005891
2008-05-31,0.005967014376391022,-0.0041404473862175495,-0.003830693606739044,0.048194229452194426,-0.02124364118534139,0.003548180214475005,0.006392468110421046,-0.0007534899015174679,-0.006664058253348593,-0.001367893881297988,0.01044780354959296,0.002507552555798709,-0.0005153967019970729
2008-06-30,0.03838275466867458,0.06948667937040276,0.06958048539392392,0.01863183738386276,0.0822742848985567,0.013393436835734684,-0.001706442741451264,0.015216172826160612,-0.0049614058595772725,0.05726350523142165,0.05422643924826964,0.019042034454607837,0.019065995509987
2008-07-31,-0.03120007803360214,-0.048627385755325325,-0.05045717084134416,-0.057726225147271326,-0.0421556397548114,-0.044366024707429785,-0.041274524339273144,-0.022997533740502285,-0.007535646774444182,-0.03549922492675839,-0.03334163776009069,-0.003718463522613402,-0.002699136061381391
2008-08-31,-0.026134153816539163,-0.050806962048541515,-0.052077758275746455,-0.021481095026995134,-0.03972803060791974,-0.013735431610492621,-0.044971934065649366,-0.011262335771357823,-0.014878664143743392,-0.038465759953108414,-0.03441235874653403,-0.010405214388580997,-0.00920161913948292
2008-09-30,-0.009302492164937615,-0.008978253917731216,-0.00968233208978131,0.054855991730717424,-0.019355133027313065,0.049817204796037906,-0.12472359001629363,-0.054452615352483136,-0.056863181977208854,-0.006831619793475352,-0.01361478677140382,-0.004393606167000685,-0.0020170525089162616
2008-10-31,0.0034600487237856914,0.06855698464910587,0.0635515782942011,0.13361819427632504,0.01900229654320995,0.10310813635570848,-0.18249924723367095,-0.0775820856351026,-0.08391328796282005,0.051056335678886455,0.008109511271496839,0.0024774345343869797,0.0019337114646513776
2008-11-30,0.016190639715556676,0.06024651863353392,0.061049837776693705,0.03283716640346612,0.018655206514324618,0.04740086305281355,0.004229274981289111,-0.020982284966913345,0.019458417277067985,0.03756642009071909,0.025942604220365872,0.052185656601427155,0.04853621805787678
2008-12-31,0.009991708396370536,0.017901014423885586,0.017154516939777986,0.016248734621996164,-0.012259893927726528,0.011253995567882313,0.034604424415935364,0.009216426591456273,0.027718096218243726,0.011645991764818175,0.016416778908537877,0.026702362856562578,0.02997631123043276
2009-01-31,-0.007891467432310395,0.004720189467081859,0.005311927637596137,-0.004201466636170936,0.0071577447749962,-0.006370702030927378,-0.04068736821699359,-0.023755418344397206,-0.01924664212583238,0.003835634455092718,-0.01079199811045961,-0.005646340090449509,-0.004698378868915776
2009-02-28,0.005757175123635605,0.031996800855673246,0.03247983274354249,0.03177847234773923,0.037453574825204505,0.018578673287515057,-0.02807829762801306,-0.04555513181233528,-0.02025019515796367,0.018142714136349714,0.010468459522255724,0.004381230022477256,0.003992497217841118
2009-03-31,-0.003837259842801255,-0.03588982542685193,-0.03620094561576459,-0.03273392082411353,-0.0342311274762801,-0.029505065148271115,0.0550316569620144,0.04033795986262456,0.034098074480042095,-0.02160002637845837,-0.007753885290983198,-0.003051204915187289,5.938168209174144e-05
2009-04-30,-0.01659610216848917,-0.05289375949515518,-0.052722545784008146,-0.038030304745770516,-0.05054833210226417,-0.018937157708414754,0.02142347330043659,0.037710292411966995,0.015081096110531655,-0.030573892631835076,-0.03195992705802486,-0.005117313211347674,-0.0037123100284183197
2009-05-31,-0.036760809479557066,-0.08157936652667441,-0.08334048347958667,-0.029768527635765207,-0.08787733359221206,-0.01865040332935486,0.0714317708882688,0.06535983358178798,0.03216951842893678,-0.05038427242306587,-0.06139941109583935,-0.01233913913016993,-0.010089396531330341
2009-06-30,0.020947557452263732,0.029791207689315202,0.02942194491340544,-0.026892422250546666,0.018393072369846664,-0.018973910140044237,-0.010266445109699651,-0.011040703164106103,-0.0082342813145585,0.0222070543907531,0.03259785136619886,0.026631554211216324,0.02658120185333601
2009-07-31,-0.0056040175248974755,-0.025944196836069966,-0.025466769633624042,0.006576541125302926,-0.027833180415573255,0.01950828791173076,0.04080531806203136,0.018697748222407107,0.025728144440708256,-0.018163425728044302,-0.009603484463577061,-0.0010556581742572346,-0.0011966065846016338
2009-08-31,0.016199995638685127,0.017330166095727018,0.016849331018037317,0.059160960305012056,0.01728827140120459,0.026334968111041634,0.021121599200090158,-0.002251474723251601,0.013193198213304669,0.01121138672055233,0.02246907405538434,0.008117225867638522,0.006935879784985444
2009-09-30,0.0211040902762325,0.016449188893918443,0.018283869759464944,0.02120573169399731,0.028779155575943127,0.02759602620279722,0.03452788478373603,0.00876094031853003,0.022646076237920587,0.0111015082007202,0.03166204655190108,0.014202142784517369,0.013416189853499016
2009-10-31,-0.017007767044674327,-0.009331092093292748,-0.00940536204793685,-0.004394891511591892,0.0010822974374506966,-0.011992639886345358,0.006625817749106533,0.0017342607676316124,0.0030232178117386432,-0.007112993650126187,-0.023435987265254088,-0.020072973073919198,-0.020321691944636844
2009-11-30,0.05281388113003227,0.05307623493204083,0.052471308075459966,0.03470314801498042,0.04022918820812027,0.0459012398117562,0.06687439684868823,0.019073351378764203,0.0396487155672407,0.04505011631153932,0.0814089451105724,0.019007172804671013,0.016365410582159567
2009-12-31,-0.004720007070854626,-0.004495759624540185,-0.0032706800048046825,-0.012068316444582394,0.01639941851979887,-0.014816665032833964,-0.0032314186898847463,0.023368585324675895,-0.007043465119174308,-0.005037702842453307,-0.009441058743522746,-0.005871601970367957,-0.005508484163113447
2010-01-31,-0.02664624102079116,-0.048821113184518206,-0.04974040728220275,-0.027885525860479654,-0.03162100533992418,-0.022620090171432072,-0.03643251065750708,-0.028740002594011327,-0.014476042396234678,-0.051693472093720216,-0.0461939579112326,-0.013568239409278093,-0.011794109926394514
2010-02-28,0.024839853340252294,0.025629483460581692,0.024593252956432554,0.008919725159771685,0.0265221520308887,0.01614023024016875,0.04222652691526618,0.008045434559915243,0.02756805813591834,0.02633982664358525,0.040400519111246425,0.01075853555891304,0.010584018932043415
2010-03-31,0.03506069223643005,0.056248833122791275,0.056945121206776195,0.04209901646947278,0.04954284053620617,0.02272788844265139,0.03804111575375968,0.004697273314009598,0.021252175632616055,0.05981282746344241,0.053227542637978686,0.01075834913393714,0.010233652699693563
2010-04-30,0.016159497481119445,0.02142224850393948,0.021663147035883012,0.013723287129930872,0.02756242799805042,0.012027872486088276,0.047329823852415576,0.013180557273817506,0.029120491155590678,0.021575146633472375,0.024569297655452127,0.008522618227209344,0.008834050190215992
2010-05-31,-0.026990410625631456,-0.06015432269712151,-0.06110325370804892,-0.02254262678061214,-0.0431428582805351,-0.0431014822791691,-0.07979569641303563,-0.03344991161238997,-0.050826946185696165,-0.058259256746393207,-0.04009991697740212,-0.013811967148530946,-0.011423643503828518
2010-06-30,-0.00946944503843239,-0.01921102292944865,-0.019957635955096142,-0.00470137556162975,-0.008297498527548797,-0.0075287557098665525,0.02980383824476318,0.0075431628509237125,0.017238880550303426,-0.01716272778665484,-0.013741149593022528,-0.0021607893328541294,-0.0016579475153524204
2010-07-31,0.01903417537997565,0.03084147427222028,0.030307348060772288,0.005474528146747426,0.013086683457563586,-0.027485566257572036,0.0977579286244723,0.04739578076297413,0.06204666648910151,0.026207622856801116,0.029041370958943435,0.04439817579349414,0.02965749128806383
2010-08-31,0.03448448346914601,0.047901741650937746,0.04758248920856012,0.008315395456869767,0.05345921788507435,0.011492630892617095,0.013921420171737031,-0.01921439584690865,0.005551962165396773,0.04283763931841378,0.05466152867855101,0.030612475145152418,0.026374180507487743
2010-09-30,0.05784129971373497,0.05578172246221391,0.056523146335503816,0.012082407832900044,0.02164483809812867,0.003742700828052836,0.09621924880078181,0.0386404731439125,0.0638635521251587,0.05376755385038967,0.0895021780376144,0.0777649681960737,0.07666814957070467
2010-10-31,0.04626777698292894,0.04914434193409667,0.04824383653829312,0.021982597044324814,0.02509062665239936,0.04089958658997839,0.053317977037751874,0.02924108904452072,0.0307444647938957,0.0472487220190001,0.0675531960417115,0.02154635891109402,0.019890226531747546
2010-11-30,0.0012123648575055324,-0.01098827589591933,-0.010743272825654238,-0.01440021184245055,-0.003408516040028897,-0.016168349363720913,-0.00599290829693877,0.001725315445560538,-0.004882102969316016,-0.010711434024516797,0.0017065632436126243,0.0016633813482476167,0.0015010453286308234
2010-12-31,0.036584190326543586,0.060760526145044125,0.06017318165254393,0.036685712412232396,0.0459966737247377,0.06210568522200255,0.08946896703621143,0.038413066935685025,0.057798779684099744,0.06204579119146114,0.04924351552694639,0.00307698417129898,0.002603427239179279
2011-01-31,0.0015793241827295468,0.002845557362179507,0.002145422470793079,0.005761726956675206,0.0028251374605023916,0.019858944878816898,0.022919705030614024,0.015890527056448445,0.01708262441351005,0.0019114550081538173,0.003363483036261883,0.003923191961988204,0.0030165328993898566
2011-02-28,0.023782293743611183,0.037161377763971215,0.038217071653035894,0.010454731797718164,0.02865113002924824,0.018682896155185258,0.04042875165981252,0.001334114242420359,0.02562114229352419,0.03555055576229815,0.03143782204017298,0.013396850303181607,0.01356789375511358
2011-03-31,0.005503753883030704,0.005186681672021631,0.004792860091420659,0.001587995334253245,0.016640966022404946,-0.0020588015278441008,0.002871332532309312,-0.005480315825978299,0.0011891873717564394,0.004147698465833294,0.007409820834048064,0.0013607575461822563,0.002076786547245968
2011-04-30,0.02535118884899279,0.05719005976894831,0.056515778399623295,0.020101393648793264,0.061924902161159645,0.02925236333204695,0.07404679014349846,0.004858658544827366,0.040792195630385386,0.05001067960640704,0.03328719664968571,0.00464791435778511,0.004379747122449151
2011-05-31,-0.020527757910688504,-0.02792462786211769,-0.027649763164424024,-0.007574507551305065,-0.05060572271289343,-0.020983168291458187,-0.027288539474844442,-0.008300323077170546,-0.012673444124682631,-0.02409639660463825,-0.030363191343812268,-0.031337525056589155,-0.03027105480328629
2011-06-30,-0.011373522653743584,-0.026434750187079303,-0.02673331134552881,-0.020688700080065403,-0.019028525815175446,-0.02439879768947384,-0.023914888690814595,-0.009828499763526843,-0.0139370174852399,-0.024008467656498333,-0.018173685388254812,-0.013597557113985248,-0.012504260438680914
2011-07-31,0.015026762617983414,0.03769013415604272,0.03490804467354924,0.019156214965218243,0.0020359204544067033,0.033032578631223775,0.05587598860627918,-0.001881212024308243,0.028182932415582673,0.031099855110652275,0.023741793340240402,0.006855223231450491,0.007625202562116407
2011-08-31,-0.007836547769775826,-0.011175217276885197,-0.013219073064636322,0.03618556179664867,-0.03823226274704927,0.013196626602526074,-7.768419023401751e-05,-0.0032513146111297075,0.001246342781630272,-0.009381946388872353,-0.012353909143526187,-0.009776201358267733,-0.010787078205136469
2011-09-30,-0.029579982030997765,-0.08952881092412601,-0.09196450891065233,-0.02543023058155458,-0.10901292454308731,0.004773058979655964,-0.12558241640155565,-0.04411163274035357,-0.06858218363816249,-0.06692138443988616,-0.04259678496643915,-0.0030405533637729576,-0.0028271099099475006
2011-10-31,-0.011905051767242547,-0.047547256395471416,-0.047229021056963916,-0.035578288809917646,0.0006225816828471231,-0.05382034717029216,0.06983658997635134,0.024240580913230003,0.042638923784437344,-0.033106831906570044,-0.017735540060295985,-0.008868487321335161,-0.011107909906860058
2011-11-30,0.007317788983504769,0.03246033695083672,0.032570095293970924,0.03186677283930983,0.012952581085966974,0.04150855235421824,-0.041803778852350426,-0.02654233650054627,-0.02311709446810062,0.023407665349559847,0.012286220250687485,0.010456761531329573,0.010698380035659483
2011-12-31,8.675765378152178e-05,0.006734404202068278,0.006665046357017923,-0.0006363900590619087,0.006232414464096392,0.004525998544226972,0.008430465972768308,0.0024233439713201577,0.009277885727379198,0.004754405645476689,-0.00035523151487837357,-0.002684707339221104,0.0005287928266348718
2012-01-31,0.012146906091460075,0.0034464671905398703,0.005245415426018196,0.007509228211775465,-0.0024146452530747764,-0.009717720717580147,0.053688620746733084,0.010181714338479031,0.026559701697718374,0.0044459769031877094,0.019226494367099,0.024818309793992466,0.02031682799049883
2012-02-29,-0.007097130731884782,-0.03161683848616503,-0.032400417534586334,-0.0036474262448712436,-0.05097260210602206,-0.006729213577591597,0.04477138599880992,0.019520339402176123,0.027501626361974063,-0.03074993240732693,-0.011808651814487536,-0.006996199024433825,-0.009568529937781345
2012-03-31,-0.002356645535467883,-0.005759194315904104,-0.004990475580694431,0.003555322306033837,-0.022936744379763008,-0.0035712763855233476,-0.017027016834575637,0.0003895367218733625,-0.011884008965657333,-0.006437048336014994,-0.004606597050752281,0.0005989182409493754,-0.0025573234182544313
2012-04-30,0.01702669750467467,0.036817674767855024,0.032833433514951604,0.01758811910996738,0.0147760776786372,-0.004045213274162518,0.0047650215360497405,-0.011331365159960582,0.0013181552444492262,0.0480649420731456,0.03083462307980156,0.011630800609120584,0.011460558259462461
2012-05-31,0.01011033648272286,0.04622376347050561,0.035745713251581934,0.031904709666238595,0.043984892892012795,-0.005132168233185297,-0.0967474412065038,-0.026093215882721066,-0.061678111175912154,0.07361261654349938,0.01673273830239208,0.009120865699389746,0.01089820449772283
2012-06-30,-0.049965406966725134,-0.07458886418755428,-0.06605242469278749,-0.030064767307700913,-0.025966002764129636,-0.04783338512387025,0.05406421111536153,0.029226680840909625,0.030746338848549826,-0.1178512528196547,-0.08381808555042336,-0.021972457036624315,-0.020727187200675123
2012-07-31,0.00993812688453688,0.01069347491236261,0.010738891931627803,0.029315334440800367,0.020647196156299508,0.017254706533357478,0.0655676763476527,0.023462100359655125,0.04131727929136675,0.010604482191715503,0.010984485421460466,-0.0006469442963465966,-0.00048367848898067667
2012-08-31,0.003357863381888926,-0.008355111012716021,-0.0074529426777614205,-0.012219912407233635,0.003460043791333689,-0.019419224429630844,0.043167515143323065,0.008413701535000762,0.027071007968040517,-0.008931550145637845,0.005247661465235032,0.005096929686987162,0.0022277711664466793
2012-09-30,0.0005226930858563961,0.0008388814547406476,0.003338407744411187,0.003332869474563571,-0.006395628880496718,-0.0011291827804509325,0.016448953636622576,-0.0012471808904201964,0.008239752940992995,0.001350033813965812,0.002259597842989569,0.003634854779110519,0.0049269983034567755
2012-10-31,-0.012735239428757095,-0.01955086289948338,-0.012023735012518522,-0.014863984268637997,-0.005882554434379794,-0.019512114872711428,-0.028974089578707507,-0.0029398915777132384,-0.019191155613072497,-0.018486382991434236,-0.018218357739377522,-0.005439120269981057,-0.0058680186349433505
2012-11-30,0.018027142140720098,0.025234955825394145,0.018407223535297446,0.02489532689317442,0.02851329042233708,0.014879266317387119,0.027573505793882847,0.005323667012092637,0.015950993766001398,0.024442452477611454,0.02491120903063715,0.0030515665410368875,0.003927372067818347
2012-12-31,0.005859096002126751,0.0002579559536539655,-0.0006430194689721613,0.0062410254603253446,-0.012098839185071597,0.003306993893178678,-0.0018245246988932706,-0.0031571402071538524,0.0006364996114720523,-0.0006185414104277198,0.006203105367432071,0.0037940025396780985,0.00302925390033848
2013-01-31,0.04761580908229379,0.03502168624588897,0.01948752122794528,0.022554366132377712,0.01192244674262799,0.013109308702940137,0.03001827349918451,0.013043631740556894,0.017673454808171174,0.04608459552701705,0.06936000533261732,0.030910575761829984,0.030416635396920855
2013-02-28,0.0076505277652494375,0.01973548868802788,0.011353602932116402,0.0007444177683466613,0.01372822065575452,-0.0034464446772369817,-0.024633909034291523,-0.0072013924719110944,-0.011020569401676616,0.030226442491553485,0.011049475031938538,0.006892194414801489,0.006755526637438614
2013-03-31,0.01591102077940798,0.030080179908209992,0.018063407617266547,0.030004445516118583,0.03373120661968154,0.01495576754344885,0.02354797810378395,0.006799866824189538,0.015300108670506463,0.04996351734837168,0.02195324081906036,0.004233500855827854,0.004274187717704825
2013-04-30,0.04857358725901273,0.06777121764877836,0.03782135161331168,0.0481547290167077,0.027482665337927203,0.02583422105969535,0.014494185514481783,0.01066628346484344,0.004867974234859185,0.11432507384098223,0.0762358375371559,0.08143522386568258,0.07524649933995486
2013-05-31,0.00974176986011166,-0.02076572617834227,-0.01322605775131358,-0.02446508251984536,-0.03370278532202464,-0.032707828175506326,-0.06885043699296334,-0.0038742648891759712,-0.04042599877599762,-0.03163884578443754,0.016495833819356376,0.004846348139422529,0.004493655270924268
2013-06-30,-0.003767749929483699,-0.0032003455348561527,-0.002853230008154517,0.01685431501852319,-0.02706848222847613,0.005410740657466162,-0.06663774752276674,-0.008966398945013387,-0.04201273860041488,-0.00462293137455172,-0.006776752986750401,-0.0013465035265104452,-0.004751634490380963
2013-07-31,0.017280891845778523,0.030214853917817086,0.025406726751626252,-0.004000525554652468,0.04278946024260377,-0.012248085509391382,0.05657255613397694,0.0040082658654012615,0.03515778695604177,0.03673391734698672,0.022369912390986624,0.003334467653026918,0.00270198645383557
2013-08-31,-0.00028881090223664696,-0.012585646651157467,-0.00503409553736156,-0.008531189450031729,-0.02790373186213435,0.002720603805480115,0.0007389443986292044,0.006120588668615312,0.0015965028347986188,-0.013432180289171813,-0.0010485599974759952,-0.013257567725366903,-0.005503632367514277
2013-09-30,0.016573270157153264,0.011039558081259004,0.005407093904967075,-0.034863942802863424,0.0028454088862377436,-0.009741635384909908,0.050732036824450155,0.0076693243999901295,0.028212843476218108,0.012451180753719537,0.017857733236326556,0.016130593287648765,0.011963300378634356
2013-10-31,0.02621062226291726,0.025413603105001403,0.019778659531728193,0.02391107350309274,0.019365261398979206,0.013844538798003958,0.034525637268658205,0.0013895229572917778,0.01568791984346518,0.029267735997579036,0.02790193992836132,0.018128481656360274,0.01760904749953407
2013-11-30,0.022091730473983162,0.03928378445977376,0.028003484809237644,0.02819912601017016,0.03214116555613944,0.015449607908512242,0.0013573191521070171,0.003549307502419774,0.001203084714720415,0.045073569964005245,0.02142611082035306,0.016254213253888095,0.015159160893609913
2013-12-31,0.009313573079198445,0.03563501238730282,0.02684222431732075,0.01458530581269657,0.031778866011546114,0.006256072039869887,-0.020006957280360615,-0.005231288831569536,-0.012378574888644467,0.04277444139619635,0.00886411525222619,0.004890382336254717,0.008850608909244606
2014-01-31,-0.0033275626036940453,-0.023152626150580113,-0.01776890620823579,-0.033574154630632624,-0.030279098115200576,-0.015801661600504335,0.008215271165477933,0.004071927893508409,0.008615379725688044,-0.03015052234995974,-0.0030676511300578024,-0.0009058303626793274,-0.0044062814990630805
2014-02-28,0.029993428188623605,0.005015545556873224,0.002208255178310692,-0.014745696868134428,0.02144461836329592,-0.0024862055099875713,0.11075136472251312,0.030302597265857045,0.06372906082575391,0.0044851418302718216,0.032307455639443816,0.027507342636590826,0.027471016837395723
2014-03-31,-0.003389036220032615,-0.012610664295635177,-0.008874934323760741,0.0013902468621769248,-0.00955464412832363,-0.004845180073732469,0.025502452272035292,0.011914827371037884,0.010954744110184267,-0.018694955218652054,-0.004981353152411994,-0.004843736549251965,-0.0038879173911622322
2014-04-30,0.017836331356614776,0.015088639158055805,0.00935892081818901,0.022277926816802296,0.009258879182375335,0.02125547828179819,0.03669193042205743,0.010347338910725812,0.022702179583224957,0.0185061235535231,0.017356718341767108,0.01393395922994456,0.013699095309212428
2014-05-31,0.013236594529154155,0.017509528325563517,0.01211222969398218,0.012522084642387465,0.04172663805511179,0.009644929564223137,0.02145169417941295,-0.010254940041554694,0.01109557371290637,0.020507059098785474,0.012620828743744594,0.011834191489983548,0.012568516556348053
2014-06-30,0.028366206565224372,0.043095747871892964,0.029066332086474134,0.018537610242918667,0.03682523681856531,0.018949663486066415,0.04303950144199731,-0.0009782087656596827,0.02380912868321805,0.05055848939398988,0.030975306767911714,0.026150557590121304,0.03151788774045472
2014-07-31,-0.009343139010809187,-0.010084387056984445,-0.0064329325029488515,0.0017477289989251688,-0.0053609426558755,-0.0019164392816625186,-0.06090455657443983,-0.0204045366931912,-0.030994046786399165,-0.013691272689233092,-0.01036324836772684,-0.0071947450448949235,-0.00645267513005221
2014-08-31,0.0275083381835437,0.059161958613010324,0.035289402759242305,0.032835286428126276,0.06183896794158472,0.03222757456373615,0.041013254828194956,0.0024854228236623754,0.020849099831433016,0.07807158869791109,0.030973615627951867,0.030979843808071506,0.0232365296345578
2014-09-30,-0.013519534786854859,0.018413080168071305,0.008753700101149509,0.008535604215580195,-0.016801129491046396,0.02474331297371446,-0.10886047858729975,-0.01298942361732125,-0.061171440460574655,0.02465440251461737,-0.013722429442961648,-0.01360234824478157,-0.013896696611492065
2014-10-31,0.010304518729601142,0.02957191263193426,0.018268079248191293,0.00630039056887699,0.011261377005482576,0.017539881033524996,0.025056386115151597,0.01216670021115096,0.017089958053631893,0.04364628712301477,0.011900774804677106,0.0056244272259833306,0.00350453053666433
2014-11-30,0.038468317753421966,0.08379253229408157,0.055426162010005164,0.07469388610611993,0.05570828859394439,0.05498470505563735,-0.01624364029313108,-0.00034109386152525456,-0.0086143355281747,0.10274302127233814,0.06376941383595924,0.01102211253893981,0.008839905658126979
2014-12-31,0.02183354987678854,0.05625763820185403,0.03546058162367571,0.036896444488762725,0.05143363190137307,0.05276356282455552,-0.050514764857357286,-0.023361035963733956,-0.026686050740825196,0.06272005196313035,0.018556176036428118,0.020676473543294938,0.021154665132956163
