Metric group,Metric,Unit,Basis dependence,1990-2004 development (gross),1990-2004 development (net),2005-2014 out-of-sample (gross),2005-2014 out-of-sample (net),1990-2014 full (gross),1990-2014 full (net),Definition,Canonical source,Reconciliation
Annualised return,"Annualised return (CAGR, geometric)",fraction per year,gross and net,0.169464,0.154177,0.10723,0.099259,0.144169,0.131895,"Terminal value of the compounded daily return series raised to 1/years, minus one. Years run from the session before the first in-window return. Gross compounds strategy_daily.csv 'gross_return'; net compounds 'net_return'.",outputs/strategy_daily.csv; net published as 'CAGR' in outputs/strategy_metrics.csv,net matches published CAGR to 1e-9
Annualised volatility,Annualised volatility (daily sd x sqrt(252)),fraction per year,gross and net,0.077653,0.0777,0.076365,0.076388,0.077152,0.077186,Sample standard deviation of daily returns scaled by sqrt(252). The strategy targets 7% ex-ante; the realised figure is the outturn.,outputs/strategy_daily.csv; net published as 'Annualized volatility',net matches published volatility to 1e-9
Sharpe ratio,"Sharpe ratio (daily, rf = 0, x sqrt(252))",ratio,gross and net,1.98664,1.82183,1.327147,1.235363,1.725293,1.589527,"Mean daily return divided by its standard deviation, times sqrt(252), risk-free rate zero. Futures returns are already excess of financing, so rf = 0 is the right convention here rather than a simplification.","outputs/strategy_daily.csv; net published as 'Naive daily Sharpe (sqrt252, rf=0)'",net matches published Sharpe to 1e-9
Maximum drawdown,"Maximum drawdown (daily compounded, peak to trough)",fraction (negative),gross and net,-0.095599,-0.099034,-0.116301,-0.118471,-0.116301,-0.118471,"Minimum of equity / running maximum of equity - 1, on daily compounded returns, with the running maximum seeded at 1.0 so a drawdown from the first session is measurable.",outputs/strategy_daily.csv; net published as 'Max drawdown',net matches published max drawdown to 1e-9
Return-to-drawdown,"Return-to-drawdown (CAGR / |max drawdown|), i.e. Calmar",ratio,gross and net,1.77265,1.556808,0.922006,0.837832,1.239626,1.11331,"Annualised return divided by the absolute value of the maximum drawdown, each taken on the same basis (gross with gross, net with net).",derived; net published as 'Calmar' in outputs/strategy_metrics.csv,net matches published Calmar to 1e-9
Hit rate,Hit rate - DAILY win rate (share of sessions with a positive return),fraction,gross and net,0.561941,0.557854,0.552914,0.55023,0.558332,0.554806,"Share of in-window sessions whose return is strictly positive. This is the portfolio-level hit rate, not a per-trade one.",outputs/strategy_daily.csv; net published as 'Daily win rate',net matches published daily win rate to 1e-9
Hit rate,Hit rate - TRADE-LEVEL win rate (closed episodes with P&L > $0.01),fraction,gross and net,0.498759,0.488834,0.491349,0.477509,0.494919,0.482965,"Closed directional episodes assigned to the window by EXIT date, counted as a win when realised P&L exceeds one cent (the cent tolerance stops floating-point dust manufacturing wins). Net uses 'Net P&L USD'; gross uses 'Gross P&L USD'. Below 50% by design: this is a trend book that loses often and small, wins rarely and large.",outputs/strategy_trade_episodes.csv; net published as 'Trade win rate',net matches published trade win rate to 1e-9
Number of trades,Number of trades - CLOSED trade episodes (completed round trips),count,"basis-invariant (an execution fact, not a P&L fact)",basis-invariant - see net column,806.0,basis-invariant - see net column,867.0,basis-invariant - see net column,1673.0,A directional episode runs from a flat-to-nonzero entry until the position returns to flat or flips sign; resizes and rolls inside it do not start a new episode. Assigned to the window by exit date.,outputs/strategy_metrics.csv 'Closed trade episodes',matches published closed-episode count exactly
Number of trades,Number of trades - OPEN/censored episodes at window end (context),count,"basis-invariant (an execution fact, not a P&L fact)",basis-invariant - see net column,44.0,basis-invariant - see net column,52.0,basis-invariant - see net column,52.0,"Episodes live at the window end, excluded from the closed-episode statistics above. Reported so the closed count is not read as the whole book.",outputs/strategy_metrics.csv 'Open/censored trade episodes',matches published open/censored count exactly
Number of trades,Number of trades - RAW market-sessions with a nonzero fill,count,"basis-invariant (an execution fact, not a P&L fact)",basis-invariant - see net column,3971.0,basis-invariant - see net column,4415.0,basis-invariant - see net column,8386.0,"Sum of strategy_daily.csv 'filled_markets': the number of (market, session) pairs on which a nonzero quantity actually executed. This counts execution events, not round trips, and is the number an operations desk would size against. Roll legs are executed separately and are not in this count.","outputs/strategy_daily.csv 'filled_markets', summed",not separately published; derived from the canonical ledger
Average holding period,Average holding period (sessions),sessions,"basis-invariant (an execution fact, not a P&L fact)",basis-invariant - see net column,155.9591,basis-invariant - see net column,135.9954,basis-invariant - see net column,145.6133,Mean 'Holding sessions' across closed episodes in the window.,outputs/strategy_metrics.csv 'Average holding sessions',matches published average holding sessions to 1e-9
Average holding period,"Average holding period (months, at 21 sessions per month)",months,"basis-invariant (an execution fact, not a P&L fact)",basis-invariant - see net column,7.4266,basis-invariant - see net column,6.476,basis-invariant - see net column,6.934,"Sessions / 21, i.e. 252/12. Twenty-one is the rebalance cadence, so the figure reads directly as 'about N rebalance cycles per position'.",derived from 'Average holding sessions',derived; no separate published value
Turnover,"Turnover - annualised NOTIONAL turnover (multiples of NAV per year, rebalance leg only)",multiples of NAV per year,"basis-invariant (an execution fact, not a P&L fact)",basis-invariant - see net column,13.820064,basis-invariant - see net column,17.921912,basis-invariant - see net column,15.454914,"Sum over sessions of |traded notional| / prior NAV, divided by the window's calendar span in years. Scale free, so it survives NAV compounding, and it is the reading most people mean by 'turnover'. REBALANCE LEG ONLY: the ledger stores roll turnover as an aggregate contract increment, so a roll notional cannot be reconstructed. True all-in notional turnover is therefore higher than shown.",recomputed from the frozen backtest; full window published as 'annual_rebalance_notional_turnover_over_nav' in outputs/benchmarks/benchmark_comparison.csv,full window matches the published benchmark figure to 1e-9
Turnover,"Turnover - annualised CONTRACT turnover, all-in (rebalance + roll)",contracts per year,"basis-invariant (an execution fact, not a P&L fact)",basis-invariant - see net column,3148.033,basis-invariant - see net column,7753.4707,basis-invariant - see net column,4987.6604,"Sum of daily total contract turnover divided by the window's calendar span in years. NOT scale free: the book compounds about 22x over the full window and buys proportionally more contracts for the same risk, so the rise from the development window to the out-of-sample window is mostly NAV growth, not more trading. Use the notional row above instead.",outputs/strategy_daily.csv; full window published as 'annual_total_turnover_contracts' in benchmark_comparison.csv,full window matches the published benchmark figure to 1e-9
Turnover,"Turnover - annualised CONTRACT turnover, rebalance leg",contracts per year,"basis-invariant (an execution fact, not a P&L fact)",basis-invariant - see net column,1033.3869,basis-invariant - see net column,2972.9879,basis-invariant - see net column,1808.2504,The discretionary leg: monthly target changes that survive the 25% no-trade band.,outputs/strategy_daily.csv 'rebalance_contract_turnover',full window matches published 'annual_rebalance_turnover_contracts'
Turnover,"Turnover - annualised CONTRACT turnover, roll leg",contracts per year,"basis-invariant (an execution fact, not a P&L fact)",basis-invariant - see net column,2114.6461,basis-invariant - see net column,4780.4828,basis-invariant - see net column,3179.41,"The non-discretionary leg: contract rolls forced by delivery. About 64% of all-in contract turnover over the full window, which is why roll cost is modelled explicitly rather than folded into a single spread number.",outputs/strategy_daily.csv 'roll_contract_turnover_increment',full window matches published 'annual_roll_turnover_contracts'
Total estimated costs,"Total estimated costs - annualised, all-in (% of NAV per year)",fraction of NAV per year,net only (cost is the gross-to-net bridge),n/a - gross is pre-cost by construction,0.012713,n/a - gross is pre-cost by construction,0.006981,n/a - gross is pre-cost by construction,0.010421,"Mean daily cost as a fraction of the NAV that bore it, times 252. This is the scale-free cost reading and the one that is comparable across windows. Costs comprise half-spread, slippage, commission, exchange/regulatory fees, square-root market impact and roll cost.",outputs/strategy_metrics.csv 'Annual cost drag',matches published annual cost drag to 1e-9
Total estimated costs,"Total estimated costs - annualised, FIXED component (% of NAV per year)",fraction of NAV per year,net only (cost is the gross-to-net bridge),n/a - gross is pre-cost by construction,0.011714,n/a - gross is pre-cost by construction,0.00615,n/a - gross is pre-cost by construction,0.009489,"Spread + slippage + commission + exchange/regulatory fees + roll cost, i.e. everything that does not scale with order size relative to volume.",outputs/strategy_metrics.csv 'Annual fixed-cost drag',matches published annual fixed-cost drag to 1e-9
Total estimated costs,"Total estimated costs - annualised, IMPACT component (% of NAV per year)",fraction of NAV per year,net only (cost is the gross-to-net bridge),n/a - gross is pre-cost by construction,0.000999,n/a - gross is pre-cost by construction,0.000832,n/a - gross is pre-cost by construction,0.000932,Square-root market-impact charge on order size relative to median traded volume. Small at this book size (about 9% of all-in cost over the full window) and the component that grows fastest with AUM.,outputs/strategy_metrics.csv 'Annual impact-cost drag',matches published annual impact-cost drag to 1e-9
Total estimated costs,"Total estimated costs - cumulative USD, all-in",USD,net only (cost is the gross-to-net bridge),n/a - gross is pre-cost by construction,574292.31,n/a - gross is pre-cost by construction,978692.35,n/a - gross is pre-cost by construction,1552984.66,"Sum of 'transaction_cost_usd' over the window on a book started at $1,000,000 in 1990 and compounded thereafter. NOT comparable across windows: the book compounds, so a later window pays more dollars for the same proportional cost. Read the annualised % rows for cross-window comparison.","outputs/strategy_daily.csv 'transaction_cost_usd', summed",fixed + impact asserted equal to all-in within 1e-6 relative
Total estimated costs,"Total estimated costs - cumulative USD, FIXED component",USD,net only (cost is the gross-to-net bridge),n/a - gross is pre-cost by construction,526947.25,n/a - gross is pre-cost by construction,855382.42,n/a - gross is pre-cost by construction,1382329.67,Sum of 'fixed_execution_cost_usd' over the window.,"outputs/strategy_daily.csv 'fixed_execution_cost_usd', summed",component of the asserted fixed + impact = all-in identity
Total estimated costs,"Total estimated costs - cumulative USD, IMPACT component",USD,net only (cost is the gross-to-net bridge),n/a - gross is pre-cost by construction,47345.05,n/a - gross is pre-cost by construction,123309.93,n/a - gross is pre-cost by construction,170654.99,Sum of 'market_impact_cost_usd' over the window.,"outputs/strategy_daily.csv 'market_impact_cost_usd', summed",component of the asserted fixed + impact = all-in identity
Average exposure,Average exposure - gross notional as a multiple of NAV,multiple of NAV,"basis-invariant (an execution fact, not a P&L fact)",basis-invariant - see net column,2.463942,basis-invariant - see net column,2.899105,basis-invariant - see net column,2.637927,Mean of daily gross notional / NAV. Above 1x because a 7% volatility target across 59 individually low-volatility futures needs notional leverage. Targets are capped at 5.0x gross at each decision point; the realised peak is 5.11x because positions drift between rebalances.,outputs/strategy_metrics.csv 'Average gross notional multiple',matches published average gross notional multiple to 1e-9
Average exposure,Average exposure - number of markets held,count of markets,"basis-invariant (an execution fact, not a P&L fact)",basis-invariant - see net column,34.851341,basis-invariant - see net column,47.279525,basis-invariant - see net column,39.820328,Mean daily count of markets with a nonzero position. Rises over time as the universe's liquidity gate admits more of the 59 markets.,outputs/strategy_metrics.csv 'Average markets held',matches published average markets held to 1e-9
