axis,parameter,value,is_base,prespecified_parameter_grid,start,end,sessions,cagr,annualized_volatility,sharpe,max_drawdown,calmar,annual_cost_drag,delta_cagr,delta_annualized_volatility,delta_sharpe,delta_max_drawdown,delta_calmar,delta_annual_cost_drag,source,note
parameter,trend_lookback,189.0,False,True,1990-01-01,2014-12-31,6523,0.09660927538712372,0.07766002049982115,1.186196906376179,-0.14902976150064817,0.6482549150875715,0.01060201450542676,-0.035285971470383926,0.00047429482520931765,-0.40332975607846366,-0.030558537044732104,-0.4650554897237399,0.00018057820229673734,recomputed here from reference/delta1_reference.py,"Pre-declared sensitivity check, NOT a search. Nine runs, declared in full before any was executed. The base configuration was fixed beforehand and was not chosen from this grid; no row here was used to select a parameter. The 252-session trend lookback is the standard 12-month convention (Moskowitz, Ooi and Pedersen 2012), taken from prior literature rather than fitted on this data -- which is the whole defence available for the sharp Sharpe peak the grid shows at 252. Reported so the reader can size the neighbourhood, not to argue the base is optimal."
parameter,trend_lookback,252.0,True,True,1990-01-01,2014-12-31,6523,0.13189524685750764,0.07718572567461184,1.5895266624546427,-0.11847122445591607,1.1133104048113114,0.010421436303130022,0.0,0.0,0.0,0.0,0.0,0.0,recomputed here from reference/delta1_reference.py,"Pre-declared sensitivity check, NOT a search. Nine runs, declared in full before any was executed. The base configuration was fixed beforehand and was not chosen from this grid; no row here was used to select a parameter. The 252-session trend lookback is the standard 12-month convention (Moskowitz, Ooi and Pedersen 2012), taken from prior literature rather than fitted on this data -- which is the whole defence available for the sharp Sharpe peak the grid shows at 252. Reported so the reader can size the neighbourhood, not to argue the base is optimal."
parameter,trend_lookback,315.0,False,True,1990-01-01,2014-12-31,6523,0.0936363650582912,0.07618557589127961,1.173241996539545,-0.19173778005620334,0.48835636373198826,0.010128278209389637,-0.03825888179921644,-0.0010001497833322243,-0.4162846659150976,-0.07326655560028728,-0.6249540410793231,-0.0002931580937403852,recomputed here from reference/delta1_reference.py,"Pre-declared sensitivity check, NOT a search. Nine runs, declared in full before any was executed. The base configuration was fixed beforehand and was not chosen from this grid; no row here was used to select a parameter. The 252-session trend lookback is the standard 12-month convention (Moskowitz, Ooi and Pedersen 2012), taken from prior literature rather than fitted on this data -- which is the whole defence available for the sharp Sharpe peak the grid shows at 252. Reported so the reader can size the neighbourhood, not to argue the base is optimal."
parameter,no_trade_buffer,0.15,False,True,1990-01-01,2014-12-31,6523,0.13348850218433483,0.07759708753923364,1.5990293007250367,-0.10741401666167971,1.2427475140863742,0.010710487207493388,0.001593255326827192,0.0004113618646218037,0.009502638270393993,0.011057207794236357,0.1294371092750628,0.0002890509043633662,recomputed here from reference/delta1_reference.py,"Pre-declared sensitivity check, NOT a search. Nine runs, declared in full before any was executed. The base configuration was fixed beforehand and was not chosen from this grid; no row here was used to select a parameter. The 252-session trend lookback is the standard 12-month convention (Moskowitz, Ooi and Pedersen 2012), taken from prior literature rather than fitted on this data -- which is the whole defence available for the sharp Sharpe peak the grid shows at 252. Reported so the reader can size the neighbourhood, not to argue the base is optimal."
parameter,no_trade_buffer,0.25,True,True,1990-01-01,2014-12-31,6523,0.13189524685750764,0.07718572567461184,1.5895266624546427,-0.11847122445591607,1.1133104048113114,0.010421436303130022,0.0,0.0,0.0,0.0,0.0,0.0,recomputed here from reference/delta1_reference.py,"Pre-declared sensitivity check, NOT a search. Nine runs, declared in full before any was executed. The base configuration was fixed beforehand and was not chosen from this grid; no row here was used to select a parameter. The 252-session trend lookback is the standard 12-month convention (Moskowitz, Ooi and Pedersen 2012), taken from prior literature rather than fitted on this data -- which is the whole defence available for the sharp Sharpe peak the grid shows at 252. Reported so the reader can size the neighbourhood, not to argue the base is optimal."
parameter,no_trade_buffer,0.35,False,True,1990-01-01,2014-12-31,6523,0.13177477082032074,0.07730624979282696,1.5858390651151264,-0.1202518256008025,1.0958234535064002,0.01016538776208537,-0.0001204760371869007,0.00012052411821512898,-0.003687597339516291,-0.001780601144886429,-0.01748695130491118,-0.00025604854104465183,recomputed here from reference/delta1_reference.py,"Pre-declared sensitivity check, NOT a search. Nine runs, declared in full before any was executed. The base configuration was fixed beforehand and was not chosen from this grid; no row here was used to select a parameter. The 252-session trend lookback is the standard 12-month convention (Moskowitz, Ooi and Pedersen 2012), taken from prior literature rather than fitted on this data -- which is the whole defence available for the sharp Sharpe peak the grid shows at 252. Reported so the reader can size the neighbourhood, not to argue the base is optimal."
parameter,target_vol,0.06,False,True,1990-01-01,2014-12-31,6523,0.11747314439508805,0.06705799139235778,1.6338887735585361,-0.09221462462297225,1.2739101294983037,0.008902712679404545,-0.014422102462419595,-0.010127734282254053,0.04436211110389343,0.026256599832943817,0.16059972468699235,-0.0015187236237254771,recomputed here from reference/delta1_reference.py,"Pre-declared sensitivity check, NOT a search. Nine runs, declared in full before any was executed. The base configuration was fixed beforehand and was not chosen from this grid; no row here was used to select a parameter. The 252-session trend lookback is the standard 12-month convention (Moskowitz, Ooi and Pedersen 2012), taken from prior literature rather than fitted on this data -- which is the whole defence available for the sharp Sharpe peak the grid shows at 252. Reported so the reader can size the neighbourhood, not to argue the base is optimal."
parameter,target_vol,0.07,True,True,1990-01-01,2014-12-31,6523,0.13189524685750764,0.07718572567461184,1.5895266624546427,-0.11847122445591607,1.1133104048113114,0.010421436303130022,0.0,0.0,0.0,0.0,0.0,0.0,recomputed here from reference/delta1_reference.py,"Pre-declared sensitivity check, NOT a search. Nine runs, declared in full before any was executed. The base configuration was fixed beforehand and was not chosen from this grid; no row here was used to select a parameter. The 252-session trend lookback is the standard 12-month convention (Moskowitz, Ooi and Pedersen 2012), taken from prior literature rather than fitted on this data -- which is the whole defence available for the sharp Sharpe peak the grid shows at 252. Reported so the reader can size the neighbourhood, not to argue the base is optimal."
parameter,target_vol,0.08,False,True,1990-01-01,2014-12-31,6523,0.15307331966378102,0.0886471036760845,1.5968363461508628,-0.1335383047559714,1.146287725784059,0.012130237545299974,0.021178072806273374,0.011461378001472664,0.007309683696220093,-0.015067080300055324,0.032977320972747526,0.0017088012421699519,recomputed here from reference/delta1_reference.py,"Pre-declared sensitivity check, NOT a search. Nine runs, declared in full before any was executed. The base configuration was fixed beforehand and was not chosen from this grid; no row here was used to select a parameter. The 252-session trend lookback is the standard 12-month convention (Moskowitz, Ooi and Pedersen 2012), taken from prior literature rather than fitted on this data -- which is the whole defence available for the sharp Sharpe peak the grid shows at 252. Reported so the reader can size the neighbourhood, not to argue the base is optimal."
execution cost multiplier,execution_costs,1x (canonical),True,False,1990-01-01,2014-12-31,6523,0.1318952468575076,0.0771857256746118,1.5895266624546427,-0.118471224455916,1.1133104048113114,0.01042143630313,0.0,0.0,0.0,0.0,0.0,0.0,"outputs/strategy_friction_stress.csv (reused, baseline reconciled)",Canonical configuration; no stress applied.
execution cost multiplier,execution_costs,2x fixed execution costs,False,False,1990-01-01,2014-12-31,6523,0.1234580305677395,0.0770605708859531,1.4981492051666243,-0.1111608500667055,1.1106251031154828,0.0198539913321253,-0.008437216289768082,-0.00012515478865869623,-0.09137745728801838,0.0073103743892105055,-0.0026853016958285902,0.009432555028995301,"outputs/strategy_friction_stress.csv (reused, baseline reconciled)","Half-spread, slippage, commission, and exchange/regulatory fees doubled."
execution cost multiplier,execution_costs,2x market impact,False,False,1990-01-01,2014-12-31,6523,0.1315241682903545,0.077210139473046,1.5849449707703511,-0.1164831073960487,1.129126542299094,0.0113547217007736,-0.00037107856715309917,2.4413798434208545e-05,-0.004581691684291567,0.001988117059867303,0.015816137487782544,0.000933285397643601,"outputs/strategy_friction_stress.csv (reused, baseline reconciled)",Market-impact coefficient doubled; fixed costs unchanged.
execution cost multiplier,execution_costs,2x all execution costs,False,False,1990-01-01,2014-12-31,6523,0.1219187275745039,0.0772204358589332,1.478047707642781,-0.1139192188152278,1.070220888472304,0.0207414955602297,-0.009976519283003693,3.4710184321412596e-05,-0.11147895481186176,0.004552005640688195,-0.04308951633900748,0.010320059257099702,"outputs/strategy_friction_stress.csv (reused, baseline reconciled)",All fixed execution-cost inputs and the market-impact coefficient doubled.
execution cost multiplier,execution_costs,2x all costs + 1 session delay + 1% participation cap,False,False,1990-01-01,2014-12-31,6523,0.1193600230902809,0.0774510445606457,1.4453922578091225,-0.1175652483652499,1.0152662011094897,0.0207123700743416,-0.012535223767226683,0.0002653188860338995,-0.1441344046455202,0.0009059760906661024,-0.09804420370182165,0.0102909337712116,"outputs/strategy_friction_stress.csv (reused, baseline reconciled)","All execution costs doubled, one session added, and participation capped at 1%."
execution cost multiplier,execution_costs,3x all execution costs,False,False,1990-01-01,2014-12-31,6523,0.1112304845633969,0.077730331857621,1.349847985999091,-0.11059956073652444,1.005704578053212,0.031053398189407472,-0.020664762294110683,0.000544606183009208,-0.23967867645555163,0.007871663719391561,-0.10760582675809949,0.020631961886277472,computed here; absent from outputs/strategy_friction_stress.csv,"Half-spread, slippage, commission, exchange fees and the market-impact coefficient all tripled. Not present in the canonical friction stress, which stops at 2x."
