source,provider,reference_or_url,series_or_tickers,instrument_count,frequency,first_observation,last_observation,obtained,licence_status,used_for,caveats
"Delta1 futures price panel (continuous contracts, raw and back-adjusted)","Norgate Data, supplied inside the case pack","https://norgatedata.com | local path: Round1AllData/Quant Researcher/Delta1/Futures Data/ | continuous-contract stitching and the _CCB back-adjustment convention are Norgate's construction, not this project's","94 roots as &<ROOT>.csv (raw continuous) and &<ROOT>_CCB.csv (back-adjusted continuous); every root supplied as a matched raw/_CCB pair; columns Date, Open, High, Low, Close, Volume, Delivery Month, Open Interest",94 roots / 188 files (59 roots traded),"daily OHLCV + delivery month + open interest, exchange session dates",1977-11-21,2014-12-31,"supplied with the case pack; not downloaded by this project, so there is no download date to quote. Vendor extract timestamp carried in the files: 2024-07-06 (modification 2024-07-06). Pack unpacked locally: 2026-08-01","vendor-licensed, NOT redistributable; excluded from version control at .gitignore:218 ('Round1AllData/'), so the repository ships code and results but never the vendor history","the entire headline backtest: back-adjusted closes drive P&L and trend, raw closes drive roll yield (basis momentum) and notional, Volume drives the liquidity gate and participation cap, Delivery Month drives roll detection","BOTH price conventions are used deliberately and neither alone would do: back-adjusted levels are a P&L series, not a price, so nothing divides by them (the trend signal is a sign, not a normalised return), while raw continuous closes jump at each roll and are used only where a contract-level quantity is required. The panel is unbalanced -- the earliest root starts 1977-11-21 and the latest root only at 2006-02-03, so market count grows through the sample. Duplicate dates: 0 files. No holiday back-filling: the panel is reindexed to business days and forward-filled with a 10-session cap, and an unfilled close series is kept alongside so the engine can tell a real session from a carried one. Back-adjusted history is rewritten by the vendor at every future roll, so a re-extract of the same window will not be byte-identical; that is the futures analogue of revision risk. Panel ends 2014-12-31, so nothing after 2014 is testable from this file."
"Delta1 futures contract catalogue (tick size, point value, currency, margin, exchange)","Norgate Data, supplied inside the case pack",https://norgatedata.com | local path: Round1AllData/Quant Researcher/Delta1/CATALOGUE_Delta1_Futures.csv,"188 rows covering 94 roots; fields used: tick_size, point_value, currency, margin, exchange_name",94 roots / 188 symbol rows,"static reference table, one row per symbol, no time dimension",,,supplied with the case pack; no download date exists. Vendor extract timestamp carried in the file: 2024-07-06. Pack unpacked locally: 2026-08-01,"vendor-licensed, not redistributable; gitignored with the rest of the pack",tick_size and point_value convert contracts to USD risk and cost; currency selects the in-panel FX series; exchange_name documents venue; margin is reported as a diagnostic only,"The margin column is a CURRENT snapshot with no as-of date -- the file carries 4 date columns (first_quoted_date, last_quoted_date, second_last_quoted_date, first_notice_date) and none of them dates the margin (0 margin as-of columns), and each root carries at most 1 distinct margin value across its whole history. Applying today's margin schedule to 1990 decisions would inject future information, so it is NOT allowed to size or gate anything: informational only, enforced at src/delta1_strategy/research/strategy.py:165 where 'max_static_margin_fraction: float | None = None' leaves the margin constraint switched off. Realised margin usage is published as a diagnostic ('static margin fraction') and a live deployment would replace it with an effective-dated broker snapshot. Tick size and point value are likewise current-contract terms; where an exchange has changed a multiplier historically the cost model uses the modern one."
"In-panel FX conversion series (six currency futures, subset of the Delta1 panel)","Norgate Data, supplied inside the case pack",https://norgatedata.com | local path: Round1AllData/Quant Researcher/Delta1/Futures Data/&6[EBJSCA].csv,"AUD=&6A (x1, 7045 rows, 1987-01-13..2014-12-31); CAD=&6C (x1, 9030 rows, 1979-03-05..2014-12-31); CHF=&6S (x1, 9019 rows, 1979-03-20..2014-12-31); EUR=&6E (x1, 4018 rows, 1999-01-04..2014-12-31); GBP=&6B (x1, 9019 rows, 1979-03-20..2014-12-31); JPY=&6J (x0.01, 8990 rows, 1979-05-01..2014-12-31)",6 currency futures serving 16 non-USD contracts,"daily close, aligned to the same business-day calendar as the panel",1979-03-05,2014-12-31,"supplied with the case pack, inside the futures panel itself; no external FX feed is used and none is needed. Vendor extract timestamp: 2024-07-06. Pack unpacked locally: 2026-08-01","vendor-licensed, not redistributable; gitignored with the rest of the pack","point-in-time USD conversion of non-USD contract terms for 16 markets in 6 currencies (AUD, CAD, CHF, EUR, GBP, JPY): CGB, FCE, FDAX, FESX, FGBL, FGBM, FGBS, FGBX, FSMI, LFT, LLG, RS, SJB, SNK, SXF, YAP","Using the panel's own currency futures rather than an external spot series is a deliberate choice: it keeps the backtest self-contained and guarantees the FX observation is a traded price from the same session as the contract it converts. The 6J series is quoted in USD per 100 yen, so it carries an explicit x0.01 scaling -- its final close of 0.8349 becomes 0.008349 USD per yen; the other five are USD per unit and take x1. Futures FX is a forward rate, so it differs from spot by the interest-rate differential to the delivery date (basis points to low single-digit percent), which is immaterial for sizing but would not be acceptable for a settlement calculation. The euro series &6E only begins 1999-01-04, so euro-denominated contracts are convertible only from that date and before it those markets cannot be sized at all -- which is a real coverage hole in the 1990s, not a rounding detail. Checked against the shipped position ledger (outputs/strategy_market_daily.csv.gz): 16 non-USD markets, 0 traded before their own FX series begins; earliest non-USD position is LLG on 1990-01-02 against &6B starting 1979-03-20."
Delta1 ETF price panel (used only by the ETF regime-allocation sleeve),"Norgate Data, supplied inside the case pack",https://norgatedata.com | local paths: Round1AllData/Quant Researcher/Delta1/ETF Data/ and Round1AllData/Quant Researcher/Delta1/CATALOGUE_Delta1_ETF.csv,"selected: SPY, IWM, IYR, EFA, EEM, SHY, IEF, TLT, LQD, GLD, DBC | drawn from 745 supplied tickers | columns Date, Open, High, Low, Close, Volume, Turnover, Unadjusted Close, Dividend, Constituent_S&P 500, Constituent_S&P MidCap 400, Constituent_S&P SmallCap 600",11 used / 745 supplied,"daily adjusted and unadjusted close, volume, turnover, dividend, index membership",1993-01-29,2018-12-31,"supplied with the case pack; not downloaded by this project, so there is no download date to quote. Vendor extract timestamp carried in the files: 2024-07-06 (modification 2024-07-06). Pack unpacked locally: 2026-08-01","vendor-licensed, not redistributable; gitignored with the rest of the pack","the ETF regime-allocation sleeve only; it does not touch the headline futures result. The oldest selected fund begins 1993-01-29 (SPY), but the eleven are only jointly quoted from 2006-02-03, the inception of DBC, and that date -- not a research preference -- sets the sleeve's start","SURVIVORS ONLY, and measured rather than assumed: all 745 supplied files end on the same date (2018-12-31, 1 distinct terminal date across the whole directory), so no closed, merged or delisted fund is present anywhere in the extract. Any selection made on this panel is therefore made among survivors and its measured performance is biased upward by an amount this data cannot quantify. Both adjusted and unadjusted closes are supplied, so the total-return adjustment is auditable instead of taken on trust. The panel ends 2018-12-31, four years after the futures panel ends, so the two sleeves cover different windows and must never be spliced into one track record."
FXFI futures continuation extract (2015-2016 out-of-sample window only),"Norgate Data, supplied inside the case pack for the FXFI track",https://norgatedata.com | local path: Round1AllData/Quant Researcher/FXFI/Futures Data/,"&BAX_CCB, &CGB_CCB, &FBTP_CCB, &FGBL_CCB, &FGBM_CCB, &FGBS_CCB, &FGBX_CCB, &FOAT_CCB, &FOAT9_CCB, &GC_CCB, &LEU_CCB, &LEU9_CCB, &LLG_CCB, &SJB_CCB, &SO3_CCB, &SR3_CCB, &TN_CCB, &UB_CCB, &YIB_CCB, &YIR_CCB, &YXT_CCB, &YYT_CCB, &ZB_CCB, &ZF_CCB, &ZN_CCB, &ZQ_CCB, &ZT_CCB (back-adjusted only; 0 unadjusted files supplied)","27 files, 25 populated","daily OHLCV, same vendor layout as the Delta1 panel",1978-03-10,2016-12-30,"supplied with the case pack; not downloaded by this project, so there is no download date to quote. Vendor extract timestamp carried in the files: 2024-07-06 (modification 2024-07-06). Pack unpacked locally: 2026-08-01","vendor-licensed, not redistributable; gitignored with the rest of the pack","the single chronological out-of-sample scoring of the frozen rules on 2015-2016; it is not used to fit, select or tune anything","This extract does NOT continue the traded universe. It covers 27 roots against 59 traded, and only 12 of them are in the book at all (CGB, FGBL, FGBM, FGBS, FGBX, GC, LLG, SJB, ZB, ZF, ZN, ZT) -- government bonds and gold, with no equity index, FX, energy or agricultural exposure, so the out-of-sample test runs on a structurally different portfolio from the one being validated. No unadjusted series are supplied (0 of 27 files), so roll yield cannot be reconstructed and the basis-momentum sleeve is unavailable out of sample -- the holdout scores the trend sleeve alone. 2 of 27 files are header-only with zero data rows (&SO3_CCB.csv, &SR3_CCB.csv). The extract itself spans 1978-03-10..2016-12-30, i.e. full history rather than a 2015-2016 slice, and that overlap is a hazard rather than a bonus: only the post-2014 tail is scored, and the pre-2015 portion is used solely for the seam-continuity check, never re-fitted on. As actually scored (outputs/holdout/holdout_summary.csv): window 2015-01-01..2016-12-30, 522 sessions, 12 roots, trend only. That is far too short to resolve a Sharpe difference of the size a promotion decision needs; it is a consistency check, not a verdict, and it is reported as one."
FXFI spot-forex extract (holdout FX splice only),"Norgate Data, supplied inside the case pack for the FXFI track",https://norgatedata.com | local path: Round1AllData/Quant Researcher/FXFI/Forex Data/,$USDX; AUDUSD; BRLUSD; CADUSD; CHFUSD; CLPUSD; CNYUSD; CZKUSD; DKKUSD; EURUSD; GBPUSD; HKDUSD; ... (57 total),57 series,daily,1971-01-04,2016-12-30,"supplied with the case pack; not downloaded by this project, so there is no download date to quote. Vendor extract timestamp carried in the files: 2024-07-06 (modification 2024-07-06). Pack unpacked locally: 2026-08-01","vendor-licensed, not redistributable; gitignored with the rest of the pack","continuing USD conversion of non-USD contracts across the 2015-2016 holdout, where the in-panel currency futures stop","This is a spot series spliced onto a futures-implied FX history at the panel seam, so the conversion basis changes convention at the join by the forward points; the splice is audited in outputs/holdout/holdout_fx_splice.csv rather than assumed harmless. History reaches back to 1971-01-04, far earlier than needed, but only the post-2014 tail is used -- nothing in the in-sample window is re-based onto it."
"CFTC/DTCC swap real-time public dissemination file (INSPECTED AND REJECTED, not used)","DTCC Data Repository (US) LLC, publishing under CFTC Part 43 real-time public reporting; supplied in the case pack's Data Engineer folder",local path: Round1AllData/Data Engineer/CFTC_CUMULATIVE_FOREX_2024_04_08.csv | companion specification: Round1AllData/Data Engineer/RT_PPD_quick_ref_guide.pdf ('Public Price Dissemination - User Guide') | rule reference: 17 CFR Part 43 (real-time public reporting of swap transaction and pricing data),"110 Part-43 swap fields; identifying columns present: Dissemination Identifier, Original Dissemination Identifier, Action type, Event type, Event timestamp, Cleared, Platform identifier, Block trade election indicator, Notional amount-Leg 1; asset class FX=30757; action types NEWT=28495, TERM=882, MODI=790, CORR=416, EROR=174",30757 swap transaction reports,"transaction-level, cumulative file stamped 2024-04-08",2021-10-19,2024-04-08,"supplied with the case pack; no download date exists. Vendor/regulator extract timestamp carried in the file: 2024-07-14, consistent with the 2024-04-08 stamp in its filename. Pack unpacked locally: 2026-08-01",public regulatory dissemination; not redistributed here (gitignored with the pack),"NOTHING. Inspected, identified and rejected. It is recorded here because a source note that omits the inputs you looked at and discarded is not a source note.","It is NOT Commitments of Traders positioning data despite sitting in a folder that invites the assumption. Verified by reading the columns: 0 COT-style positioning columns are present (no commercial/non-commercial breakdown, no report date, no reportable open interest), while 9 Part-43 dissemination columns are. Every one of the 30757 rows is an FX swap transaction report with lifecycle action types (NEWT/TERM/MODI/CORR/EROR). Decisive on timing regardless of content: the earliest dissemination timestamp is 2021-10-19 and the latest is 2024-04-08, so no row in this file was publicly observable before 2021, while the futures panel ends 2014-12-31 -- more than six years earlier. Using it as a signal would be look-ahead by construction. Execution timestamps reach back to 2014-09-29 because of back-loaded trades, which is exactly the trap: the trade date is not the publication date, and only the publication date is real-time information."
"Recruitment case brief workbook (specification, not data)",Case pack,local path: Round1AllData/doc_647319_QR_Recruitment_Case_AY2627_R1_10971570-3783-4a84-9c70-75c37cca2d54_72420531.xlsx,"sheets: Macro (QR), FXFI (QR), Delta1 (QR), Crypto (QR)",4 track specifications,static document,,,"supplied with the case pack; local copy created 2026-08-01, last modified 2026-08-06","case material, not redistributable; gitignored with the pack",the Delta1 sheet defines the task and the deliverable list this submission answers; no number in any result comes from this file,"Listed for completeness of the input chain. It is a specification input, so it cannot bias a measurement, but it does bias the research question that was asked."
External / internet data,none,none,none,0,n/a,,,"n/a -- nothing is downloaded, at build time or at run time",n/a,"nothing. No benchmark index, no risk-free rate series, no macro release, no FX spot feed and no fundamental data enters any result. Benchmarks are built from the same supplied panel, FX conversion comes from the panel's own currency futures, and the risk-free rate is set to zero and labelled as such rather than sourced","Verified by parsing -- not grepping -- every Python file shipped in src, scripts, reference/ (49 files) and collecting every import statement from the syntax tree, then intersecting with the set of 39 networking and vendor-API packages (requests, urllib, httpx, aiohttp, socket, yfinance, pandas_datareader, fredapi, quandl, blpapi, ccxt, boto3, s3fs and the rest). Matching imports: 0. The complete third-party dependency set of the shipped code is {fcntl, hmac, matplotlib, nbformat, numpy, pandas}, none of which reaches the network. A text grep was rejected as the test because a docstring that mentions 'requests' is not a network call and would produce a false positive, while a dynamically constructed import would produce a false negative -- the import scan is exact for the former and the package list above bounds the latter. Core results therefore reproduce with the network disconnected, which is what the deliverable spec requires. The cost of that choice is stated rather than hidden: Sharpe ratios are excess-of-zero, not excess-of-cash, so in the high-rate first decade of the sample the true excess return is materially lower than the reported one, and cross-checking a vendor's back-adjustment against a second source is not possible from inside this repository."
