Asset class,Window,Sleeves,Mean weight share,Maximum weight share,Realized risk share,Limitation
commodity,rolling out of sample 2009-01-02..2018-12-31,"GLD, DBC",0.08435903525567202,0.1809825397862198,0.1459117807893408,survivors_only_universe; all_745_panel_files_end_2018-12-31_with_positive_volume; no_closed_or_delisted_etf_is_present; exposure_limited_by_allocation_across_a_fixed_set_of_large_broad_index_funds_rather_than_cross_sectional_selection; sealed_block_contains_no_full_equity_bear_market; the_daniel_moskowitz_bear_and_panic_states_are_unoccupied_across_it; full_equity_bear_conditional_performance_is_not_estimable_out_of_sample; fully_funded_long_only_unlevered_book; cash_is_the_short_duration_treasury_sleeve_and_carries_duration; no_risk_free_series_and_no_financing_series_exists_in_this_panel; costs_are_a_pre_declared_assumption_and_not_a_calibration; one_half_spread_and_one_commission_in_basis_points_for_every_sleeve; liquidity_is_differentiated_only_through_the_square_root_participation_term
credit,rolling out of sample 2009-01-02..2018-12-31,LQD,0.1694709268782992,0.25311378814236263,0.10166596524227814,survivors_only_universe; all_745_panel_files_end_2018-12-31_with_positive_volume; no_closed_or_delisted_etf_is_present; exposure_limited_by_allocation_across_a_fixed_set_of_large_broad_index_funds_rather_than_cross_sectional_selection; sealed_block_contains_no_full_equity_bear_market; the_daniel_moskowitz_bear_and_panic_states_are_unoccupied_across_it; full_equity_bear_conditional_performance_is_not_estimable_out_of_sample; fully_funded_long_only_unlevered_book; cash_is_the_short_duration_treasury_sleeve_and_carries_duration; no_risk_free_series_and_no_financing_series_exists_in_this_panel; costs_are_a_pre_declared_assumption_and_not_a_calibration; one_half_spread_and_one_commission_in_basis_points_for_every_sleeve; liquidity_is_differentiated_only_through_the_square_root_participation_term
equity,rolling out of sample 2009-01-02..2018-12-31,"SPY, IWM, EFA, EEM",0.21645081389681947,0.35154608399749776,0.5091742391171231,survivors_only_universe; all_745_panel_files_end_2018-12-31_with_positive_volume; no_closed_or_delisted_etf_is_present; exposure_limited_by_allocation_across_a_fixed_set_of_large_broad_index_funds_rather_than_cross_sectional_selection; sealed_block_contains_no_full_equity_bear_market; the_daniel_moskowitz_bear_and_panic_states_are_unoccupied_across_it; full_equity_bear_conditional_performance_is_not_estimable_out_of_sample; fully_funded_long_only_unlevered_book; cash_is_the_short_duration_treasury_sleeve_and_carries_duration; no_risk_free_series_and_no_financing_series_exists_in_this_panel; costs_are_a_pre_declared_assumption_and_not_a_calibration; one_half_spread_and_one_commission_in_basis_points_for_every_sleeve; liquidity_is_differentiated_only_through_the_square_root_participation_term
rates,rolling out of sample 2009-01-02..2018-12-31,"SHY, IEF, TLT",0.47594193877720103,0.8619479180038138,0.11935772154171323,survivors_only_universe; all_745_panel_files_end_2018-12-31_with_positive_volume; no_closed_or_delisted_etf_is_present; exposure_limited_by_allocation_across_a_fixed_set_of_large_broad_index_funds_rather_than_cross_sectional_selection; sealed_block_contains_no_full_equity_bear_market; the_daniel_moskowitz_bear_and_panic_states_are_unoccupied_across_it; full_equity_bear_conditional_performance_is_not_estimable_out_of_sample; fully_funded_long_only_unlevered_book; cash_is_the_short_duration_treasury_sleeve_and_carries_duration; no_risk_free_series_and_no_financing_series_exists_in_this_panel; costs_are_a_pre_declared_assumption_and_not_a_calibration; one_half_spread_and_one_commission_in_basis_points_for_every_sleeve; liquidity_is_differentiated_only_through_the_square_root_participation_term
real_estate,rolling out of sample 2009-01-02..2018-12-31,IYR,0.05377728519200828,0.09479438170292817,0.12389029330954453,survivors_only_universe; all_745_panel_files_end_2018-12-31_with_positive_volume; no_closed_or_delisted_etf_is_present; exposure_limited_by_allocation_across_a_fixed_set_of_large_broad_index_funds_rather_than_cross_sectional_selection; sealed_block_contains_no_full_equity_bear_market; the_daniel_moskowitz_bear_and_panic_states_are_unoccupied_across_it; full_equity_bear_conditional_performance_is_not_estimable_out_of_sample; fully_funded_long_only_unlevered_book; cash_is_the_short_duration_treasury_sleeve_and_carries_duration; no_risk_free_series_and_no_financing_series_exists_in_this_panel; costs_are_a_pre_declared_assumption_and_not_a_calibration; one_half_spread_and_one_commission_in_basis_points_for_every_sleeve; liquidity_is_differentiated_only_through_the_square_root_participation_term
sleeve: SPY,rolling out of sample 2009-01-02..2018-12-31,SPY,0.07871892647594689,0.12509069942502052,0.1531030112793547,survivors_only_universe; all_745_panel_files_end_2018-12-31_with_positive_volume; no_closed_or_delisted_etf_is_present; exposure_limited_by_allocation_across_a_fixed_set_of_large_broad_index_funds_rather_than_cross_sectional_selection; sealed_block_contains_no_full_equity_bear_market; the_daniel_moskowitz_bear_and_panic_states_are_unoccupied_across_it; full_equity_bear_conditional_performance_is_not_estimable_out_of_sample; fully_funded_long_only_unlevered_book; cash_is_the_short_duration_treasury_sleeve_and_carries_duration; no_risk_free_series_and_no_financing_series_exists_in_this_panel; costs_are_a_pre_declared_assumption_and_not_a_calibration; one_half_spread_and_one_commission_in_basis_points_for_every_sleeve; liquidity_is_differentiated_only_through_the_square_root_participation_term
sleeve: IWM,rolling out of sample 2009-01-02..2018-12-31,IWM,0.051229675673610746,0.08047652615092678,0.12801981461542233,survivors_only_universe; all_745_panel_files_end_2018-12-31_with_positive_volume; no_closed_or_delisted_etf_is_present; exposure_limited_by_allocation_across_a_fixed_set_of_large_broad_index_funds_rather_than_cross_sectional_selection; sealed_block_contains_no_full_equity_bear_market; the_daniel_moskowitz_bear_and_panic_states_are_unoccupied_across_it; full_equity_bear_conditional_performance_is_not_estimable_out_of_sample; fully_funded_long_only_unlevered_book; cash_is_the_short_duration_treasury_sleeve_and_carries_duration; no_risk_free_series_and_no_financing_series_exists_in_this_panel; costs_are_a_pre_declared_assumption_and_not_a_calibration; one_half_spread_and_one_commission_in_basis_points_for_every_sleeve; liquidity_is_differentiated_only_through_the_square_root_participation_term
sleeve: IYR,rolling out of sample 2009-01-02..2018-12-31,IYR,0.05377728519200828,0.09479438170292817,0.12389029330954453,survivors_only_universe; all_745_panel_files_end_2018-12-31_with_positive_volume; no_closed_or_delisted_etf_is_present; exposure_limited_by_allocation_across_a_fixed_set_of_large_broad_index_funds_rather_than_cross_sectional_selection; sealed_block_contains_no_full_equity_bear_market; the_daniel_moskowitz_bear_and_panic_states_are_unoccupied_across_it; full_equity_bear_conditional_performance_is_not_estimable_out_of_sample; fully_funded_long_only_unlevered_book; cash_is_the_short_duration_treasury_sleeve_and_carries_duration; no_risk_free_series_and_no_financing_series_exists_in_this_panel; costs_are_a_pre_declared_assumption_and_not_a_calibration; one_half_spread_and_one_commission_in_basis_points_for_every_sleeve; liquidity_is_differentiated_only_through_the_square_root_participation_term
sleeve: EFA,rolling out of sample 2009-01-02..2018-12-31,EFA,0.05200372626396096,0.1042220572815942,0.1225897063772317,survivors_only_universe; all_745_panel_files_end_2018-12-31_with_positive_volume; no_closed_or_delisted_etf_is_present; exposure_limited_by_allocation_across_a_fixed_set_of_large_broad_index_funds_rather_than_cross_sectional_selection; sealed_block_contains_no_full_equity_bear_market; the_daniel_moskowitz_bear_and_panic_states_are_unoccupied_across_it; full_equity_bear_conditional_performance_is_not_estimable_out_of_sample; fully_funded_long_only_unlevered_book; cash_is_the_short_duration_treasury_sleeve_and_carries_duration; no_risk_free_series_and_no_financing_series_exists_in_this_panel; costs_are_a_pre_declared_assumption_and_not_a_calibration; one_half_spread_and_one_commission_in_basis_points_for_every_sleeve; liquidity_is_differentiated_only_through_the_square_root_participation_term
sleeve: EEM,rolling out of sample 2009-01-02..2018-12-31,EEM,0.03449848548330086,0.05973576130276218,0.10546170684511443,survivors_only_universe; all_745_panel_files_end_2018-12-31_with_positive_volume; no_closed_or_delisted_etf_is_present; exposure_limited_by_allocation_across_a_fixed_set_of_large_broad_index_funds_rather_than_cross_sectional_selection; sealed_block_contains_no_full_equity_bear_market; the_daniel_moskowitz_bear_and_panic_states_are_unoccupied_across_it; full_equity_bear_conditional_performance_is_not_estimable_out_of_sample; fully_funded_long_only_unlevered_book; cash_is_the_short_duration_treasury_sleeve_and_carries_duration; no_risk_free_series_and_no_financing_series_exists_in_this_panel; costs_are_a_pre_declared_assumption_and_not_a_calibration; one_half_spread_and_one_commission_in_basis_points_for_every_sleeve; liquidity_is_differentiated_only_through_the_square_root_participation_term
sleeve: SHY,rolling out of sample 2009-01-02..2018-12-31,SHY,0.3056310991342185,0.8135732804575411,0.010246177391797506,survivors_only_universe; all_745_panel_files_end_2018-12-31_with_positive_volume; no_closed_or_delisted_etf_is_present; exposure_limited_by_allocation_across_a_fixed_set_of_large_broad_index_funds_rather_than_cross_sectional_selection; sealed_block_contains_no_full_equity_bear_market; the_daniel_moskowitz_bear_and_panic_states_are_unoccupied_across_it; full_equity_bear_conditional_performance_is_not_estimable_out_of_sample; fully_funded_long_only_unlevered_book; cash_is_the_short_duration_treasury_sleeve_and_carries_duration; no_risk_free_series_and_no_financing_series_exists_in_this_panel; costs_are_a_pre_declared_assumption_and_not_a_calibration; one_half_spread_and_one_commission_in_basis_points_for_every_sleeve; liquidity_is_differentiated_only_through_the_square_root_participation_term
sleeve: IEF,rolling out of sample 2009-01-02..2018-12-31,IEF,0.12250038797397426,0.283198593771368,0.062494140739385806,survivors_only_universe; all_745_panel_files_end_2018-12-31_with_positive_volume; no_closed_or_delisted_etf_is_present; exposure_limited_by_allocation_across_a_fixed_set_of_large_broad_index_funds_rather_than_cross_sectional_selection; sealed_block_contains_no_full_equity_bear_market; the_daniel_moskowitz_bear_and_panic_states_are_unoccupied_across_it; full_equity_bear_conditional_performance_is_not_estimable_out_of_sample; fully_funded_long_only_unlevered_book; cash_is_the_short_duration_treasury_sleeve_and_carries_duration; no_risk_free_series_and_no_financing_series_exists_in_this_panel; costs_are_a_pre_declared_assumption_and_not_a_calibration; one_half_spread_and_one_commission_in_basis_points_for_every_sleeve; liquidity_is_differentiated_only_through_the_square_root_participation_term
sleeve: TLT,rolling out of sample 2009-01-02..2018-12-31,TLT,0.04781045166900836,0.14121264259889407,0.046617403410529924,survivors_only_universe; all_745_panel_files_end_2018-12-31_with_positive_volume; no_closed_or_delisted_etf_is_present; exposure_limited_by_allocation_across_a_fixed_set_of_large_broad_index_funds_rather_than_cross_sectional_selection; sealed_block_contains_no_full_equity_bear_market; the_daniel_moskowitz_bear_and_panic_states_are_unoccupied_across_it; full_equity_bear_conditional_performance_is_not_estimable_out_of_sample; fully_funded_long_only_unlevered_book; cash_is_the_short_duration_treasury_sleeve_and_carries_duration; no_risk_free_series_and_no_financing_series_exists_in_this_panel; costs_are_a_pre_declared_assumption_and_not_a_calibration; one_half_spread_and_one_commission_in_basis_points_for_every_sleeve; liquidity_is_differentiated_only_through_the_square_root_participation_term
sleeve: LQD,rolling out of sample 2009-01-02..2018-12-31,LQD,0.1694709268782992,0.25311378814236263,0.10166596524227814,survivors_only_universe; all_745_panel_files_end_2018-12-31_with_positive_volume; no_closed_or_delisted_etf_is_present; exposure_limited_by_allocation_across_a_fixed_set_of_large_broad_index_funds_rather_than_cross_sectional_selection; sealed_block_contains_no_full_equity_bear_market; the_daniel_moskowitz_bear_and_panic_states_are_unoccupied_across_it; full_equity_bear_conditional_performance_is_not_estimable_out_of_sample; fully_funded_long_only_unlevered_book; cash_is_the_short_duration_treasury_sleeve_and_carries_duration; no_risk_free_series_and_no_financing_series_exists_in_this_panel; costs_are_a_pre_declared_assumption_and_not_a_calibration; one_half_spread_and_one_commission_in_basis_points_for_every_sleeve; liquidity_is_differentiated_only_through_the_square_root_participation_term
sleeve: GLD,rolling out of sample 2009-01-02..2018-12-31,GLD,0.0496910234171723,0.11774609411635302,0.08034306381560273,survivors_only_universe; all_745_panel_files_end_2018-12-31_with_positive_volume; no_closed_or_delisted_etf_is_present; exposure_limited_by_allocation_across_a_fixed_set_of_large_broad_index_funds_rather_than_cross_sectional_selection; sealed_block_contains_no_full_equity_bear_market; the_daniel_moskowitz_bear_and_panic_states_are_unoccupied_across_it; full_equity_bear_conditional_performance_is_not_estimable_out_of_sample; fully_funded_long_only_unlevered_book; cash_is_the_short_duration_treasury_sleeve_and_carries_duration; no_risk_free_series_and_no_financing_series_exists_in_this_panel; costs_are_a_pre_declared_assumption_and_not_a_calibration; one_half_spread_and_one_commission_in_basis_points_for_every_sleeve; liquidity_is_differentiated_only_through_the_square_root_participation_term
sleeve: DBC,rolling out of sample 2009-01-02..2018-12-31,DBC,0.03466801183849972,0.08156696549867963,0.06556871697373809,survivors_only_universe; all_745_panel_files_end_2018-12-31_with_positive_volume; no_closed_or_delisted_etf_is_present; exposure_limited_by_allocation_across_a_fixed_set_of_large_broad_index_funds_rather_than_cross_sectional_selection; sealed_block_contains_no_full_equity_bear_market; the_daniel_moskowitz_bear_and_panic_states_are_unoccupied_across_it; full_equity_bear_conditional_performance_is_not_estimable_out_of_sample; fully_funded_long_only_unlevered_book; cash_is_the_short_duration_treasury_sleeve_and_carries_duration; no_risk_free_series_and_no_financing_series_exists_in_this_panel; costs_are_a_pre_declared_assumption_and_not_a_calibration; one_half_spread_and_one_commission_in_basis_points_for_every_sleeve; liquidity_is_differentiated_only_through_the_square_root_participation_term
