variant,lever,evaluation_mode,bound_setting,validation_status,risk_budget_volatility,reference_annualized_volatility,annualized_volatility_gap_to_reference,solver_engine_runs,start,end,years,annualized_volatility,cagr,sharpe,hac_sharpe,sortino,calmar,max_drawdown,max_drawdown_duration_sessions,max_drawdown_over_annualized_volatility,ulcer_index,pain_index,worst_rolling_21_sessions,worst_rolling_63_sessions,conditional_shortfall_95,conditional_shortfall_99,annualized_downside_deviation,daily_return_skew,daily_return_excess_kurtosis,average_risk_scalar,peak_risk_scalar,trough_risk_scalar,average_gross_notional_multiple,peak_gross_notional_multiple,portfolio_limit_binding_decision_days,annual_cost_drag,annual_rebalance_turnover_contracts,annual_roll_turnover_contracts,delta_annualized_volatility,delta_cagr,delta_sharpe,delta_max_drawdown,max_drawdown_resolution_floor,delta_max_drawdown_status,delta_max_drawdown_over_annualized_volatility,max_drawdown_over_annualized_volatility_resolution_floor,delta_max_drawdown_over_annualized_volatility_status,delta_ulcer_index,ulcer_index_resolution_floor,delta_ulcer_index_status,delta_annual_cost_drag
baseline,baseline,baseline,canonical,retrospective_bound_sensitivity,0.07,0.07718572567461184,0.0,0,1990-01-01,2014-12-31,25.005304694826044,0.07718572567461184,0.13189524685750764,1.5895266624546427,1.4889016291562005,2.4014239410781735,1.1133104048113114,-0.11847122445591607,467.0,1.534885154223328,0.032447157787957974,0.023629113182976808,-0.07047010848519797,-0.08947205111040102,0.010542864218217199,0.01493541092519548,0.051090008233040884,0.0054576463146503345,2.294128642802824,0.7964111965450026,1.8457955875216576,0.2940910774860579,2.637926709442167,5.1117169008057015,24.0,0.010421436303130022,1808.2504099123767,3179.4099594742606,0.0,0.0,0.0,0.0,,reference,0.0,,reference,0.0,,reference,0.0
risk_scalar_max1.00_min0.00,risk_scalar_bounds,as_is,max_risk_scalar=1; min_risk_scalar=0,retrospective_bound_sensitivity,0.07,0.07718572567461184,-0.002548235723602202,0,1990-01-01,2014-12-31,25.005304694826044,0.07463748995100963,0.12942890762270998,1.6129638432970943,1.4995130745705145,2.433894802428647,1.1493448323892395,-0.11261103193343225,459.0,1.508773030917138,0.030973029294034643,0.02270727560140551,-0.06681196768142739,-0.0807536367679802,0.010235354352069596,0.014586133790005871,0.04946293181007689,-0.030254992349356757,1.9797661467161127,0.7562632165548716,1.0,0.2940910774860579,2.564832821620723,5.153849848738706,20.0,0.009854682968631432,1630.269699890471,2939.142001642935,-0.002548235723602202,-0.0024663392347976654,0.02343718084245161,,0.009697298479147706,not_estimable,,0.12693343991959768,not_estimable,,0.0018766515865320476,not_estimable,-0.00056675333449859
risk_scalar_max1.00_min0.10,risk_scalar_bounds,as_is,max_risk_scalar=1; min_risk_scalar=0.1,retrospective_bound_sensitivity,0.07,0.07718572567461184,-0.002548235723602202,0,1990-01-01,2014-12-31,25.005304694826044,0.07463748995100963,0.12942890762270998,1.6129638432970943,1.4995130745705145,2.433894802428647,1.1493448323892395,-0.11261103193343225,459.0,1.508773030917138,0.030973029294034643,0.02270727560140551,-0.06681196768142739,-0.0807536367679802,0.010235354352069596,0.014586133790005871,0.04946293181007689,-0.030254992349356757,1.9797661467161127,0.7562632165548716,1.0,0.2940910774860579,2.564832821620723,5.153849848738706,20.0,0.009854682968631432,1630.269699890471,2939.142001642935,-0.002548235723602202,-0.0024663392347976654,0.02343718084245161,,0.009697298479147706,not_estimable,,0.12693343991959768,not_estimable,,0.0018766515865320476,not_estimable,-0.00056675333449859
risk_scalar_max1.00_min0.25,risk_scalar_bounds,as_is,max_risk_scalar=1; min_risk_scalar=0.25,retrospective_bound_sensitivity,0.07,0.07718572567461184,-0.002548235723602202,0,1990-01-01,2014-12-31,25.005304694826044,0.07463748995100963,0.12942890762270998,1.6129638432970943,1.4995130745705145,2.433894802428647,1.1493448323892395,-0.11261103193343225,459.0,1.508773030917138,0.030973029294034643,0.02270727560140551,-0.06681196768142739,-0.0807536367679802,0.010235354352069596,0.014586133790005871,0.04946293181007689,-0.030254992349356757,1.9797661467161127,0.7562632165548716,1.0,0.2940910774860579,2.564832821620723,5.153849848738706,20.0,0.009854682968631432,1630.269699890471,2939.142001642935,-0.002548235723602202,-0.0024663392347976654,0.02343718084245161,,0.009697298479147706,not_estimable,,0.12693343991959768,not_estimable,,0.0018766515865320476,not_estimable,-0.00056675333449859
risk_scalar_max1.25_min0.00,risk_scalar_bounds,as_is,max_risk_scalar=1.25; min_risk_scalar=0,retrospective_bound_sensitivity,0.07,0.07718572567461184,-0.0002973047590414113,0,1990-01-01,2014-12-31,25.005304694826044,0.07688842091557042,0.13167049211443782,1.5928820772373076,1.494475002617176,2.4024150331289964,1.112468753769537,-0.11835882281482502,471.0,1.5393582207234087,0.03260024890617112,0.023728248064515546,-0.07062572807180478,-0.08920644007942613,0.010532221659457166,0.014963222069959503,0.050979612570928354,-0.019659561146248436,2.144267458099428,0.7863506964141593,1.25,0.2940910774860579,2.6321826798779435,5.136933916899562,23.0,0.01033803840099278,1784.6076588170865,3158.9275761226722,-0.0002973047590414113,-0.00022475474306982157,0.0033554147826648784,,0.004657194372165835,not_estimable,,0.060579326573238605,not_estimable,,0.0008752984303630403,not_estimable,-8.339790213724232e-05
risk_scalar_max1.25_min0.10,risk_scalar_bounds,as_is,max_risk_scalar=1.25; min_risk_scalar=0.1,retrospective_bound_sensitivity,0.07,0.07718572567461184,-0.0002973047590414113,0,1990-01-01,2014-12-31,25.005304694826044,0.07688842091557042,0.13167049211443782,1.5928820772373076,1.494475002617176,2.4024150331289964,1.112468753769537,-0.11835882281482502,471.0,1.5393582207234087,0.03260024890617112,0.023728248064515546,-0.07062572807180478,-0.08920644007942613,0.010532221659457166,0.014963222069959503,0.050979612570928354,-0.019659561146248436,2.144267458099428,0.7863506964141593,1.25,0.2940910774860579,2.6321826798779435,5.136933916899562,23.0,0.01033803840099278,1784.6076588170865,3158.9275761226722,-0.0002973047590414113,-0.00022475474306982157,0.0033554147826648784,,0.004657194372165835,not_estimable,,0.060579326573238605,not_estimable,,0.0008752984303630403,not_estimable,-8.339790213724232e-05
risk_scalar_max1.25_min0.25,risk_scalar_bounds,as_is,max_risk_scalar=1.25; min_risk_scalar=0.25,retrospective_bound_sensitivity,0.07,0.07718572567461184,-0.0002973047590414113,0,1990-01-01,2014-12-31,25.005304694826044,0.07688842091557042,0.13167049211443782,1.5928820772373076,1.494475002617176,2.4024150331289964,1.112468753769537,-0.11835882281482502,471.0,1.5393582207234087,0.03260024890617112,0.023728248064515546,-0.07062572807180478,-0.08920644007942613,0.010532221659457166,0.014963222069959503,0.050979612570928354,-0.019659561146248436,2.144267458099428,0.7863506964141593,1.25,0.2940910774860579,2.6321826798779435,5.136933916899562,23.0,0.01033803840099278,1784.6076588170865,3158.9275761226722,-0.0002973047590414113,-0.00022475474306982157,0.0033554147826648784,,0.004657194372165835,not_estimable,,0.060579326573238605,not_estimable,,0.0008752984303630403,not_estimable,-8.339790213724232e-05
risk_scalar_max1.50_min0.00,risk_scalar_bounds,as_is,max_risk_scalar=1.5; min_risk_scalar=0,retrospective_bound_sensitivity,0.07,0.07718572567461184,0.00019524183126068406,0,1990-01-01,2014-12-31,25.005304694826044,0.07738096750587252,0.13344972588321236,1.6028516284040553,1.5007663981500732,2.42378660746918,1.0989901538309148,-0.12142940991602758,462.0,1.5692412983439652,0.03247580403108316,0.023630543508921457,-0.07099125628671787,-0.08947205111040102,0.010559403215806036,0.014940983572147118,0.05117208313308421,0.0074667881368023084,2.27730266436002,0.794116140333519,1.5,0.2940910774860579,2.64234492866595,5.170599866741807,24.0,0.010440534637983266,1828.9728211938664,3223.815126506024,0.00019524183126068406,0.0015544790257047136,0.01332496594941257,-0.0029581854601115065,0.002893630973649463,estimated,,0.037120034910888285,not_estimable,,0.0004736396519674875,not_estimable,1.909833485324447e-05
risk_scalar_max1.50_min0.10,risk_scalar_bounds,as_is,max_risk_scalar=1.5; min_risk_scalar=0.1,retrospective_bound_sensitivity,0.07,0.07718572567461184,0.00019524183126068406,0,1990-01-01,2014-12-31,25.005304694826044,0.07738096750587252,0.13344972588321236,1.6028516284040553,1.5007663981500732,2.42378660746918,1.0989901538309148,-0.12142940991602758,462.0,1.5692412983439652,0.03247580403108316,0.023630543508921457,-0.07099125628671787,-0.08947205111040102,0.010559403215806036,0.014940983572147118,0.05117208313308421,0.0074667881368023084,2.27730266436002,0.794116140333519,1.5,0.2940910774860579,2.64234492866595,5.170599866741807,24.0,0.010440534637983266,1828.9728211938664,3223.815126506024,0.00019524183126068406,0.0015544790257047136,0.01332496594941257,-0.0029581854601115065,0.002893630973649463,estimated,,0.037120034910888285,not_estimable,,0.0004736396519674875,not_estimable,1.909833485324447e-05
risk_scalar_max1.50_min0.25,risk_scalar_bounds,as_is,max_risk_scalar=1.5; min_risk_scalar=0.25,retrospective_bound_sensitivity,0.07,0.07718572567461184,0.00019524183126068406,0,1990-01-01,2014-12-31,25.005304694826044,0.07738096750587252,0.13344972588321236,1.6028516284040553,1.5007663981500732,2.42378660746918,1.0989901538309148,-0.12142940991602758,462.0,1.5692412983439652,0.03247580403108316,0.023630543508921457,-0.07099125628671787,-0.08947205111040102,0.010559403215806036,0.014940983572147118,0.05117208313308421,0.0074667881368023084,2.27730266436002,0.794116140333519,1.5,0.2940910774860579,2.64234492866595,5.170599866741807,24.0,0.010440534637983266,1828.9728211938664,3223.815126506024,0.00019524183126068406,0.0015544790257047136,0.01332496594941257,-0.0029581854601115065,0.002893630973649463,estimated,,0.037120034910888285,not_estimable,,0.0004736396519674875,not_estimable,1.909833485324447e-05
risk_scalar_max1.75_min0.00,risk_scalar_bounds,as_is,max_risk_scalar=1.75; min_risk_scalar=0,retrospective_bound_sensitivity,0.07,0.07718572567461184,3.3574084936330295e-05,0,1990-01-01,2014-12-31,25.005304694826044,0.07721929975954817,0.13217779582891254,1.5919929636654275,1.4912462882627788,2.4054136676401914,1.1163264045107453,-0.11840425461121507,467.0,1.533350535162997,0.03243349571210848,0.023622378520900027,-0.07057478708445775,-0.08947205111040102,0.010546694783240397,0.014947004082623986,0.05110662815721587,0.0055737221176917155,2.290006730024328,0.7957863191679336,1.75,0.2940910774860579,2.6399238807886953,5.12674994411324,24.0,0.010431784006150184,1813.9710755750273,3193.0915514786416,3.3574084936330295e-05,0.00028254897140489454,0.002466301210784838,,0.001275833405368571,not_estimable,,0.01657154615917107,not_estimable,,0.00022645250535365967,not_estimable,1.034770302016201e-05
risk_scalar_max1.75_min0.10,risk_scalar_bounds,as_is,max_risk_scalar=1.75; min_risk_scalar=0.1,retrospective_bound_sensitivity,0.07,0.07718572567461184,3.3574084936330295e-05,0,1990-01-01,2014-12-31,25.005304694826044,0.07721929975954817,0.13217779582891254,1.5919929636654275,1.4912462882627788,2.4054136676401914,1.1163264045107453,-0.11840425461121507,467.0,1.533350535162997,0.03243349571210848,0.023622378520900027,-0.07057478708445775,-0.08947205111040102,0.010546694783240397,0.014947004082623986,0.05110662815721587,0.0055737221176917155,2.290006730024328,0.7957863191679336,1.75,0.2940910774860579,2.6399238807886953,5.12674994411324,24.0,0.010431784006150184,1813.9710755750273,3193.0915514786416,3.3574084936330295e-05,0.00028254897140489454,0.002466301210784838,,0.001275833405368571,not_estimable,,0.01657154615917107,not_estimable,,0.00022645250535365967,not_estimable,1.034770302016201e-05
risk_scalar_max1.75_min0.25,risk_scalar_bounds,as_is,max_risk_scalar=1.75; min_risk_scalar=0.25,retrospective_bound_sensitivity,0.07,0.07718572567461184,3.3574084936330295e-05,0,1990-01-01,2014-12-31,25.005304694826044,0.07721929975954817,0.13217779582891254,1.5919929636654275,1.4912462882627788,2.4054136676401914,1.1163264045107453,-0.11840425461121507,467.0,1.533350535162997,0.03243349571210848,0.023622378520900027,-0.07057478708445775,-0.08947205111040102,0.010546694783240397,0.014947004082623986,0.05110662815721587,0.0055737221176917155,2.290006730024328,0.7957863191679336,1.75,0.2940910774860579,2.6399238807886953,5.12674994411324,24.0,0.010431784006150184,1813.9710755750273,3193.0915514786416,3.3574084936330295e-05,0.00028254897140489454,0.002466301210784838,,0.001275833405368571,not_estimable,,0.01657154615917107,not_estimable,,0.00022645250535365967,not_estimable,1.034770302016201e-05
risk_scalar_max2.00_min0.00,risk_scalar_bounds,as_is,max_risk_scalar=2; min_risk_scalar=0,retrospective_bound_sensitivity,0.07,0.07718572567461184,0.0,0,1990-01-01,2014-12-31,25.005304694826044,0.07718572567461184,0.13189524685750764,1.5895266624546427,1.4889016291562005,2.4014239410781735,1.1133104048113114,-0.11847122445591607,467.0,1.534885154223328,0.032447157787957974,0.023629113182976808,-0.07047010848519797,-0.08947205111040102,0.010542864218217199,0.01493541092519548,0.051090008233040884,0.0054576463146503345,2.294128642802824,0.7964111965450026,1.8457955875216576,0.2940910774860579,2.637926709442167,5.1117169008057015,24.0,0.010421436303130022,1808.2504099123767,3179.4099594742606,0.0,0.0,0.0,,,not_estimable,,,not_estimable,,,not_estimable,0.0
risk_scalar_max2.00_min0.10,risk_scalar_bounds,as_is,max_risk_scalar=2; min_risk_scalar=0.1,retrospective_bound_sensitivity,0.07,0.07718572567461184,0.0,0,1990-01-01,2014-12-31,25.005304694826044,0.07718572567461184,0.13189524685750764,1.5895266624546427,1.4889016291562005,2.4014239410781735,1.1133104048113114,-0.11847122445591607,467.0,1.534885154223328,0.032447157787957974,0.023629113182976808,-0.07047010848519797,-0.08947205111040102,0.010542864218217199,0.01493541092519548,0.051090008233040884,0.0054576463146503345,2.294128642802824,0.7964111965450026,1.8457955875216576,0.2940910774860579,2.637926709442167,5.1117169008057015,24.0,0.010421436303130022,1808.2504099123767,3179.4099594742606,0.0,0.0,0.0,,,not_estimable,,,not_estimable,,,not_estimable,0.0
signal_cap_1.00,signal_cap,as_is,signal_cap=1,retrospective_bound_sensitivity,0.07,0.07718572567461184,-0.0003093397573339235,0,1990-01-01,2014-12-31,25.005304694826044,0.07687638591727791,0.13384817584605635,1.6172869434075645,1.5016601886482266,2.4512142626979774,1.0684803098199118,-0.12526967003127643,471.0,1.6294947861632263,0.032138079600941984,0.023392575901503423,-0.07163833230386862,-0.07781781955331002,0.010498408846126947,0.014945913619572324,0.0507222796033861,-0.011483521160186272,1.9397125206063102,0.8299111971767744,1.9823029360482294,0.3087839998647049,2.5283563781452325,5.149248038451194,22.0,0.010258346896187077,1976.22995618839,3317.5060284775464,-0.0003093397573339235,0.0019529289885487078,0.027760280952921823,,0.019173582671261142,not_estimable,,0.2485980643585192,not_estimable,,0.0033557221008894086,not_estimable,-0.00016308940694294456
signal_cap_1.50,signal_cap,as_is,signal_cap=1.5,retrospective_bound_sensitivity,0.07,0.07718572567461184,5.906536566370468e-05,0,1990-01-01,2014-12-31,25.005304694826044,0.07724479104027554,0.13456450788290852,1.6178401801551272,1.501746223381212,2.45321291677228,1.0398890866542145,-0.12940275036048543,467.0,1.6752294700753951,0.032813117962428445,0.023861761793020003,-0.07001926216859089,-0.08361827612904493,0.010481707729553232,0.014936729607535964,0.05094124761786622,0.011959924903147023,2.1183671158413215,0.8137233688549306,1.9497139424654675,0.3032108995886329,2.591049291513586,5.200957675580182,23.0,0.01037440240043238,1927.2642584884993,3316.785944687842,5.906536566370468e-05,0.002669261025400882,0.028313517700484514,,0.013758246285527978,not_estimable,,0.17748334642051183,not_estimable,,0.002092575350336681,not_estimable,-4.7033902697642474e-05
risk_managed_cap_1.00,risk_managed_cap,as_is,risk_managed_cap=1,retrospective_bound_sensitivity,0.07,0.07718572567461184,0.0004946584545225813,0,1990-01-01,2014-12-31,25.005304694826044,0.07768038412913442,0.12824147922335616,1.539661865599239,1.4386257795809025,2.33033304947281,1.1505542282768815,-0.11146061269568841,507.0,1.434861760086026,0.03302351244799057,0.024667378798598212,-0.06498572257425916,-0.07380944868049455,0.010565765653639494,0.015395356608893638,0.05132379046668286,0.08468936594918487,3.4320071995447075,0.9392261485309263,2.0,0.35920300335414773,2.5330369837509275,5.108994468872004,15.0,0.010039999640219077,1702.558111445783,3000.349123767798,0.0004946584545225813,-0.0036537676341514835,-0.04986479685540379,,0.023080311783954383,not_estimable,,0.2960792725531728,not_estimable,,0.004334279956156586,not_estimable,-0.0003814366629109455
risk_managed_cap_1.50,risk_managed_cap,as_is,risk_managed_cap=1.5,retrospective_bound_sensitivity,0.07,0.07718572567461184,0.0002931788599912083,0,1990-01-01,2014-12-31,25.005304694826044,0.07747890453460304,0.1320028276766394,1.584988639121279,1.4769936933994652,2.3957316576310235,1.0828671849747609,-0.1219012169804703,471.0,1.5733471931837613,0.033313671072839085,0.024466193929448873,-0.06804472012952023,-0.07995791715290768,0.010577597634720397,0.015113886389002965,0.051259156286451425,0.016064247572624753,2.4487554859341003,0.8315574239852168,1.9479337675976043,0.3071762996042434,2.6164279677192024,5.2015701871109865,21.0,0.01029766675927333,1824.4522951807228,3189.0110766703174,0.0002931788599912083,0.00010758081913175843,-0.004538023333363617,,0.012166159307524127,not_estimable,,0.15681734793192087,not_estimable,,0.0020242513528527725,not_estimable,-0.0001237695438566916
shock_floor_0.25,shock_floor,as_is,shock_floor=0.25,retrospective_bound_sensitivity,0.07,0.07718572567461184,9.478026449324939e-05,0,1990-01-01,2014-12-31,25.005304694826044,0.07728050593910508,0.13408749428931221,1.6118705645023883,1.5122675632007903,2.4368327029217993,1.1742401173493988,-0.11419086463506856,459.0,1.477615386279275,0.03160500712538314,0.023000538103650988,-0.06999719239253654,-0.08905545097321699,0.010541321479784961,0.014903757774805411,0.05111806509480062,0.0005076769943268765,2.258459413863598,0.7977739421760605,1.8437473111438007,0.29406752167467676,2.644516379540947,5.206420638029952,24.0,0.010482614057061692,1889.9799200438115,3294.543356516977,9.478026449324939e-05,0.0021922474318045726,0.022343902047745612,,0.005928892478756697,not_estimable,,0.07695111772355456,not_estimable,,0.0011113438856858984,not_estimable,6.117775393166963e-05
shock_floor_0.50,shock_floor,as_is,shock_floor=0.5,retrospective_bound_sensitivity,0.07,0.07718572567461184,0.00010668130774282858,0,1990-01-01,2014-12-31,25.005304694826044,0.07729240698235466,0.1329033399200461,1.5985714144958378,1.500544180364873,2.4153127976878372,1.1197453268926225,-0.1186906850407341,459.0,1.535606014544616,0.03210979459623956,0.02332481942578325,-0.07070930135081754,-0.0896096403470622,0.01056115167762345,0.014944728906095054,0.051155872017012195,-9.02575941419918e-05,2.2508138293477193,0.7970942743095961,1.8437918300088103,0.29407855144286627,2.6435425190021555,5.148062768003177,24.0,0.010468252965209037,1842.4943945783132,3231.9760761226726,0.00010668130774282858,0.001008093062538462,0.009044752041195148,,0.004218466592695108,not_estimable,,0.054458556032914114,not_estimable,,0.0007761944138190161,not_estimable,4.681666207901475e-05
max_gross_notional_multiple_3.00,max_gross_notional_multiple,as_is,max_gross_notional_multiple=3,retrospective_bound_sensitivity,0.07,0.07718572567461184,-0.0043573930960968815,0,1990-01-01,2014-12-31,25.005304694826044,0.07282833257851495,0.11638303836458808,1.49702968059386,1.3948881417381769,2.241477735869527,0.9572696050137542,-0.12157811942949537,467.0,1.6693794176658394,0.032043048584544,0.022920610462629394,-0.07719556738765632,-0.08521419487399318,0.010186015455767045,0.015030864559626229,0.04864031157369653,-0.03875054369068505,2.8812115996173917,0.9496193618930643,2.0,0.3522216537284581,2.3318288422725213,3.2034068257350388,134.0,0.009625980030937929,1287.189778751369,2296.347205366922,-0.0043573930960968815,-0.015512208492919566,-0.09249698186078259,,0.022732808307528267,not_estimable,,0.30436872429862283,not_estimable,,0.0044351359165250345,not_estimable,-0.0007954562721920935
max_gross_notional_multiple_4.00,max_gross_notional_multiple,as_is,max_gross_notional_multiple=4,retrospective_bound_sensitivity,0.07,0.07718572567461184,-0.0004819994098073793,0,1990-01-01,2014-12-31,25.005304694826044,0.07670372626480446,0.13008796189149296,1.5788956767232323,1.4690015389438906,2.3868085685964284,1.1204532895725774,-0.11610297644903878,467.0,1.513654969619288,0.03232066574369381,0.023382268236938227,-0.07023885948520003,-0.08976293961925463,0.01051012211787975,0.014967183109403787,0.050740215776617366,0.021242714365250857,2.375759153076908,0.8363157566837467,2.0,0.2940911512189131,2.568635459602062,4.261800586428893,51.0,0.01030335285720141,1714.319480010953,3030.9926894852133,-0.0004819994098073793,-0.0018072849660146773,-0.010630985731410414,,0.013013523968657615,not_estimable,,0.16768382758191647,not_estimable,,0.0023014325863662116,not_estimable,-0.00011808344592861147
baseline_match_control_minus1.00tol,risk_match_control,risk_match_control,target_vol=0.0695465,retrospective_bound_sensitivity,0.06954654828086287,0.07718572567461184,-0.00040521461093090405,0,1990-01-01,2014-12-31,25.005304694826044,0.07678051106368093,0.1315352824815641,1.5935072223007356,1.4925713336039994,2.405395292556564,1.130969015199555,-0.11630317074456298,467.0,1.5147485883247427,0.03228928255628869,0.023518225340762575,-0.0698299637976646,-0.08968692451849047,0.010521595947335921,0.014882493393957584,0.050864944855644745,-0.006250851297805845,2.2699486603727994,0.7956008701235532,1.8436598702348515,0.2941289334158346,2.6270346539368137,5.192961116990446,23.0,0.010373757408580033,1785.967817086528,3134.124690032859,-0.00040521461093090405,-0.00035996437594354447,0.003980559846092913,,0.003610391858624352,not_estimable,,0.04662281382093498,not_estimable,,0.0006541059051237046,not_estimable,-4.7678894549988554e-05
baseline_match_control_minus0.50tol,risk_match_control,risk_match_control,target_vol=0.0697733,retrospective_bound_sensitivity,0.06977327414043144,0.07718572567461184,-0.00015219250331192924,0,1990-01-01,2014-12-31,25.005304694826044,0.0770335331712999,0.13199314987128874,1.593600651691215,1.4952106930111726,2.4070480295956593,1.1253562505498649,-0.11729010240694449,467.0,1.5225850039375166,0.03234864645048704,0.023527996081213167,-0.0697738296965652,-0.0897495559653757,0.010528478120978402,0.014902117744611443,0.051000514802557524,-0.0007645059365804423,2.244678694196076,0.7960062860876018,1.8437475996530477,0.29411001301323036,2.6346502637035343,5.202372840019173,24.0,0.010399947514139644,1803.1698187294633,3170.608935377875,-0.00015219250331192924,9.790301378109767e-05,0.004073989236572206,,0.0024464781993184664,not_estimable,,0.03163249078396542,not_estimable,,0.0004614953963397582,not_estimable,-2.1488788990378302e-05
baseline_match_control_plus0.50tol,risk_match_control,risk_match_control,target_vol=0.0702267,retrospective_bound_sensitivity,0.07022672585956857,0.07718572567461184,0.0002049389723325773,0,1990-01-01,2014-12-31,25.005304694826044,0.07739066464694441,0.13332124183770966,1.6012454554064,1.5021765396765587,2.4199803008292546,1.094796155851588,-0.12177722868784246,462.0,1.5735389952184697,0.03241707407731831,0.023580169647503185,-0.0709932318192279,-0.08917961934949492,0.01056583735273299,0.014971193612528617,0.05120762760520667,0.002038378227548723,2.2654014264185873,0.7968156041797413,1.8517740059764964,0.29407212682774925,2.6454998884538052,5.235096443966926,24.0,0.010473704624464054,1845.3747297371303,3238.9368860898135,0.0002049389723325773,0.0014259949802020166,0.011718792951757262,,0.0038383569145372907,not_estimable,,0.04966726794749348,not_estimable,,0.0006662271563803469,not_estimable,5.226832133403171e-05
baseline_match_control_plus1.00tol,risk_match_control,risk_match_control,target_vol=0.0704535,retrospective_bound_sensitivity,0.07045345171913714,0.07718572567461184,0.0004509067411858775,0,1990-01-01,2014-12-31,25.005304694826044,0.07763663241579771,0.13316286851180603,1.5946779726583709,1.4943795571049128,2.4099697359677132,1.1018803184887755,-0.12085057358537665,466.0,1.5566179241023552,0.03255209297900071,0.023678633334009627,-0.0707958982162934,-0.08927584212006157,0.010592667787477158,0.015020102180931392,0.05137219183175091,0.003173782937310611,2.262081192953879,0.797226302068591,1.8577524243910235,0.2940531610325565,2.6529704367047304,5.226070583745695,24.0,0.010500946196119416,1851.9354931544358,3250.1381894852134,0.0004509067411858775,0.0012676216542983898,0.0051513102037281655,,0.0038043445270348666,not_estimable,,0.048938913215912164,not_estimable,,0.0006761119043769559,not_estimable,7.950989298939441e-05
baseline_risk_matched,baseline,risk_matched,target_vol=0.07,retrospective_bound_sensitivity,0.07,0.07718572567461184,0.0,1,1990-01-01,2014-12-31,25.005304694826044,0.07718572567461184,0.13189524685750764,1.5895266624546427,1.4889016291562005,2.4014239410781735,1.1133104048113114,-0.11847122445591607,467.0,1.534885154223328,0.032447157787957974,0.023629113182976808,-0.07047010848519797,-0.08947205111040102,0.010542864218217199,0.01493541092519548,0.051090008233040884,0.0054576463146503345,2.294128642802824,0.7964111965450026,1.8457955875216576,0.2940910774860579,2.637926709442167,5.1117169008057015,24.0,0.010421436303130022,1808.2504099123767,3179.4099594742606,0.0,0.0,0.0,,0.005474057943279487,not_estimable,,0.058790406893727054,not_estimable,,0.0002628104227120204,not_estimable,0.0
risk_scalar_max1.00_min0.00_risk_matched,risk_scalar_bounds,risk_matched,max_risk_scalar=1; min_risk_scalar=0; target_vol=0.0723899,retrospective_bound_sensitivity,0.07238990486911118,0.07718572567461184,0.00024747700309663,1,1990-01-01,2014-12-31,25.005304694826044,0.07743320267770847,0.13121115762498525,1.5771540832957598,1.4724599432224394,2.372944513681487,1.0813166285859344,-0.12134388222307602,464.0,1.567078178699802,0.03355205726795023,0.024486252294611356,-0.07263576950777328,-0.0890032233719843,0.010623171249222466,0.015166156090566102,0.05146521171552702,-0.04582335346558543,1.879674201952085,0.7591799524425221,1.0,0.29389055749588033,2.6526954390498427,5.1826890572752555,21.0,0.010216371847415681,1722.4004203176341,3119.4029769989047,0.00024747700309663,-0.0006840892325223891,-0.012372579158882901,,0.009692521732498308,not_estimable,,0.12471026834513171,not_estimable,,0.0018776783795143497,not_estimable,-0.00020506445571434086
risk_scalar_max1.00_min0.10_risk_matched,risk_scalar_bounds,risk_matched,max_risk_scalar=1; min_risk_scalar=0.1; target_vol=0.0723899,retrospective_bound_sensitivity,0.07238990486911118,0.07718572567461184,0.00024747700309663,1,1990-01-01,2014-12-31,25.005304694826044,0.07743320267770847,0.13121115762498525,1.5771540832957598,1.4724599432224394,2.372944513681487,1.0813166285859344,-0.12134388222307602,464.0,1.567078178699802,0.03355205726795023,0.024486252294611356,-0.07263576950777328,-0.0890032233719843,0.010623171249222466,0.015166156090566102,0.05146521171552702,-0.04582335346558543,1.879674201952085,0.7591799524425221,1.0,0.29389055749588033,2.6526954390498427,5.1826890572752555,21.0,0.010216371847415681,1722.4004203176341,3119.4029769989047,0.00024747700309663,-0.0006840892325223891,-0.012372579158882901,,0.009692521732498308,not_estimable,,0.12471026834513171,not_estimable,,0.0018776783795143497,not_estimable,-0.00020506445571434086
risk_scalar_max1.00_min0.25_risk_matched,risk_scalar_bounds,risk_matched,max_risk_scalar=1; min_risk_scalar=0.25; target_vol=0.0723899,retrospective_bound_sensitivity,0.07238990486911118,0.07718572567461184,0.00024747700309663,1,1990-01-01,2014-12-31,25.005304694826044,0.07743320267770847,0.13121115762498525,1.5771540832957598,1.4724599432224394,2.372944513681487,1.0813166285859344,-0.12134388222307602,464.0,1.567078178699802,0.03355205726795023,0.024486252294611356,-0.07263576950777328,-0.0890032233719843,0.010623171249222466,0.015166156090566102,0.05146521171552702,-0.04582335346558543,1.879674201952085,0.7591799524425221,1.0,0.29389055749588033,2.6526954390498427,5.1826890572752555,21.0,0.010216371847415681,1722.4004203176341,3119.4029769989047,0.00024747700309663,-0.0006840892325223891,-0.012372579158882901,,0.009692521732498308,not_estimable,,0.12471026834513171,not_estimable,,0.0018776783795143497,not_estimable,-0.00020506445571434086
risk_scalar_max1.25_min0.00_risk_matched,risk_scalar_bounds,risk_matched,max_risk_scalar=1.25; min_risk_scalar=0; target_vol=0.0702707,retrospective_bound_sensitivity,0.07027066927484116,0.07718572567461184,-9.915172505321757e-05,1,1990-01-01,2014-12-31,25.005304694826044,0.07708657394955862,0.1322485187212019,1.5953870903510508,1.4976012131789456,2.40723883818445,1.0967945611155614,-0.12057729260317496,471.0,1.5641801992922189,0.03267977366551719,0.023750172909315685,-0.07089421877428348,-0.08898025487411498,0.010541667835145882,0.015007349739354242,0.051088792257635594,-0.016593122014727762,2.1354216764287717,0.7867505638590753,1.25,0.2940684521094939,2.6386000114986277,5.118087610303986,23.0,0.010381666370064614,1802.1296976998904,3186.450778751369,-9.915172505321757e-05,0.0003532718636942711,0.00586042789640806,,0.005474057943279487,not_estimable,,0.05907715693314179,not_estimable,,0.0008867963512250074,not_estimable,-3.9769933065408186e-05
risk_scalar_max1.25_min0.10_risk_matched,risk_scalar_bounds,risk_matched,max_risk_scalar=1.25; min_risk_scalar=0.1; target_vol=0.0702707,retrospective_bound_sensitivity,0.07027066927484116,0.07718572567461184,-9.915172505321757e-05,1,1990-01-01,2014-12-31,25.005304694826044,0.07708657394955862,0.1322485187212019,1.5953870903510508,1.4976012131789456,2.40723883818445,1.0967945611155614,-0.12057729260317496,471.0,1.5641801992922189,0.03267977366551719,0.023750172909315685,-0.07089421877428348,-0.08898025487411498,0.010541667835145882,0.015007349739354242,0.051088792257635594,-0.016593122014727762,2.1354216764287717,0.7867505638590753,1.25,0.2940684521094939,2.6386000114986277,5.118087610303986,23.0,0.010381666370064614,1802.1296976998904,3186.450778751369,-9.915172505321757e-05,0.0003532718636942711,0.00586042789640806,,0.005474057943279487,not_estimable,,0.05907715693314179,not_estimable,,0.0008867963512250074,not_estimable,-3.9769933065408186e-05
risk_scalar_max1.25_min0.25_risk_matched,risk_scalar_bounds,risk_matched,max_risk_scalar=1.25; min_risk_scalar=0.25; target_vol=0.0702707,retrospective_bound_sensitivity,0.07027066927484116,0.07718572567461184,-9.915172505321757e-05,1,1990-01-01,2014-12-31,25.005304694826044,0.07708657394955862,0.1322485187212019,1.5953870903510508,1.4976012131789456,2.40723883818445,1.0967945611155614,-0.12057729260317496,471.0,1.5641801992922189,0.03267977366551719,0.023750172909315685,-0.07089421877428348,-0.08898025487411498,0.010541667835145882,0.015007349739354242,0.051088792257635594,-0.016593122014727762,2.1354216764287717,0.7867505638590753,1.25,0.2940684521094939,2.6386000114986277,5.118087610303986,23.0,0.010381666370064614,1802.1296976998904,3186.450778751369,-9.915172505321757e-05,0.0003532718636942711,0.00586042789640806,,0.005474057943279487,not_estimable,,0.05907715693314179,not_estimable,,0.0008867963512250074,not_estimable,-3.9769933065408186e-05
risk_scalar_max1.50_min0.00_risk_matched,risk_scalar_bounds,risk_matched,max_risk_scalar=1.5; min_risk_scalar=0; target_vol=0.0698234,retrospective_bound_sensitivity,0.0698233812702431,0.07718572567461184,-1.708288890629739e-05,1,1990-01-01,2014-12-31,25.005304694826044,0.07716864278570554,0.13311978208712016,1.6034034655987133,1.5029220313810345,2.423945892140966,1.1060530817022944,-0.12035569023707193,467.0,1.5596450305766711,0.03243659646751533,0.023575207312414533,-0.07087891306698468,-0.0896553653577904,0.010533339824117765,0.01487637901534794,0.051045887484254815,0.0036948016445743975,2.233326132765689,0.7938288026755916,1.5,0.2941058295041818,2.637340553067544,5.174900616412208,24.0,0.010413454525467408,1818.651620208105,3209.493460021906,-1.708288890629739e-05,0.0012245352296125223,0.013876803144070582,,0.005474057943279487,not_estimable,,0.058790406893727054,not_estimable,,0.0005426081418185038,not_estimable,-7.981777662613779e-06
risk_scalar_max1.50_min0.10_risk_matched,risk_scalar_bounds,risk_matched,max_risk_scalar=1.5; min_risk_scalar=0.1; target_vol=0.0698234,retrospective_bound_sensitivity,0.0698233812702431,0.07718572567461184,-1.708288890629739e-05,1,1990-01-01,2014-12-31,25.005304694826044,0.07716864278570554,0.13311978208712016,1.6034034655987133,1.5029220313810345,2.423945892140966,1.1060530817022944,-0.12035569023707193,467.0,1.5596450305766711,0.03243659646751533,0.023575207312414533,-0.07087891306698468,-0.0896553653577904,0.010533339824117765,0.01487637901534794,0.051045887484254815,0.0036948016445743975,2.233326132765689,0.7938288026755916,1.5,0.2941058295041818,2.637340553067544,5.174900616412208,24.0,0.010413454525467408,1818.651620208105,3209.493460021906,-1.708288890629739e-05,0.0012245352296125223,0.013876803144070582,,0.005474057943279487,not_estimable,,0.058790406893727054,not_estimable,,0.0005426081418185038,not_estimable,-7.981777662613779e-06
risk_scalar_max1.50_min0.25_risk_matched,risk_scalar_bounds,risk_matched,max_risk_scalar=1.5; min_risk_scalar=0.25; target_vol=0.0698234,retrospective_bound_sensitivity,0.0698233812702431,0.07718572567461184,-1.708288890629739e-05,1,1990-01-01,2014-12-31,25.005304694826044,0.07716864278570554,0.13311978208712016,1.6034034655987133,1.5029220313810345,2.423945892140966,1.1060530817022944,-0.12035569023707193,467.0,1.5596450305766711,0.03243659646751533,0.023575207312414533,-0.07087891306698468,-0.0896553653577904,0.010533339824117765,0.01487637901534794,0.051045887484254815,0.0036948016445743975,2.233326132765689,0.7938288026755916,1.5,0.2941058295041818,2.637340553067544,5.174900616412208,24.0,0.010413454525467408,1818.651620208105,3209.493460021906,-1.708288890629739e-05,0.0012245352296125223,0.013876803144070582,,0.005474057943279487,not_estimable,,0.058790406893727054,not_estimable,,0.0005426081418185038,not_estimable,-7.981777662613779e-06
risk_scalar_max1.75_min0.00_risk_matched,risk_scalar_bounds,risk_matched,max_risk_scalar=1.75; min_risk_scalar=0; target_vol=0.0699696,retrospective_bound_sensitivity,0.06996956478558002,0.07718572567461184,-4.474505194682066e-05,1,1990-01-01,2014-12-31,25.005304694826044,0.07714098062266501,0.13217984968008145,1.5935543203230371,1.494842000556403,2.406671615066173,1.1150471133080158,-0.11854194150410635,467.0,1.5366921777149045,0.032454562996019974,0.023609926704475884,-0.07065564171410743,-0.09002769603002925,0.010544966844536334,0.014944980827575904,0.05107815381859795,0.00046107878733903806,2.2860842214616257,0.7957346171858037,1.75,0.29409362023150426,2.641258967588989,5.196092315655281,24.0,0.010430944564190744,1811.8908335158817,3191.491365279299,-4.474505194682066e-05,0.00028460282257380953,0.00402765786839443,,0.005474057943279487,not_estimable,,0.058790406893727054,not_estimable,,0.0003682535852842396,not_estimable,9.508261060721737e-06
risk_scalar_max1.75_min0.10_risk_matched,risk_scalar_bounds,risk_matched,max_risk_scalar=1.75; min_risk_scalar=0.1; target_vol=0.0699696,retrospective_bound_sensitivity,0.06996956478558002,0.07718572567461184,-4.474505194682066e-05,1,1990-01-01,2014-12-31,25.005304694826044,0.07714098062266501,0.13217984968008145,1.5935543203230371,1.494842000556403,2.406671615066173,1.1150471133080158,-0.11854194150410635,467.0,1.5366921777149045,0.032454562996019974,0.023609926704475884,-0.07065564171410743,-0.09002769603002925,0.010544966844536334,0.014944980827575904,0.05107815381859795,0.00046107878733903806,2.2860842214616257,0.7957346171858037,1.75,0.29409362023150426,2.641258967588989,5.196092315655281,24.0,0.010430944564190744,1811.8908335158817,3191.491365279299,-4.474505194682066e-05,0.00028460282257380953,0.00402765786839443,,0.005474057943279487,not_estimable,,0.058790406893727054,not_estimable,,0.0003682535852842396,not_estimable,9.508261060721737e-06
risk_scalar_max1.75_min0.25_risk_matched,risk_scalar_bounds,risk_matched,max_risk_scalar=1.75; min_risk_scalar=0.25; target_vol=0.0699696,retrospective_bound_sensitivity,0.06996956478558002,0.07718572567461184,-4.474505194682066e-05,1,1990-01-01,2014-12-31,25.005304694826044,0.07714098062266501,0.13217984968008145,1.5935543203230371,1.494842000556403,2.406671615066173,1.1150471133080158,-0.11854194150410635,467.0,1.5366921777149045,0.032454562996019974,0.023609926704475884,-0.07065564171410743,-0.09002769603002925,0.010544966844536334,0.014944980827575904,0.05107815381859795,0.00046107878733903806,2.2860842214616257,0.7957346171858037,1.75,0.29409362023150426,2.641258967588989,5.196092315655281,24.0,0.010430944564190744,1811.8908335158817,3191.491365279299,-4.474505194682066e-05,0.00028460282257380953,0.00402765786839443,,0.005474057943279487,not_estimable,,0.058790406893727054,not_estimable,,0.0003682535852842396,not_estimable,9.508261060721737e-06
risk_scalar_max2.00_min0.00_risk_matched,risk_scalar_bounds,risk_matched,max_risk_scalar=2; min_risk_scalar=0; target_vol=0.07,retrospective_bound_sensitivity,0.07,0.07718572567461184,0.0,1,1990-01-01,2014-12-31,25.005304694826044,0.07718572567461184,0.13189524685750764,1.5895266624546427,1.4889016291562005,2.4014239410781735,1.1133104048113114,-0.11847122445591607,467.0,1.534885154223328,0.032447157787957974,0.023629113182976808,-0.07047010848519797,-0.08947205111040102,0.010542864218217199,0.01493541092519548,0.051090008233040884,0.0054576463146503345,2.294128642802824,0.7964111965450026,1.8457955875216576,0.2940910774860579,2.637926709442167,5.1117169008057015,24.0,0.010421436303130022,1808.2504099123767,3179.4099594742606,0.0,0.0,0.0,,0.005474057943279487,not_estimable,,0.058790406893727054,not_estimable,,0.0002628104227120204,not_estimable,0.0
risk_scalar_max2.00_min0.10_risk_matched,risk_scalar_bounds,risk_matched,max_risk_scalar=2; min_risk_scalar=0.1; target_vol=0.07,retrospective_bound_sensitivity,0.07,0.07718572567461184,0.0,1,1990-01-01,2014-12-31,25.005304694826044,0.07718572567461184,0.13189524685750764,1.5895266624546427,1.4889016291562005,2.4014239410781735,1.1133104048113114,-0.11847122445591607,467.0,1.534885154223328,0.032447157787957974,0.023629113182976808,-0.07047010848519797,-0.08947205111040102,0.010542864218217199,0.01493541092519548,0.051090008233040884,0.0054576463146503345,2.294128642802824,0.7964111965450026,1.8457955875216576,0.2940910774860579,2.637926709442167,5.1117169008057015,24.0,0.010421436303130022,1808.2504099123767,3179.4099594742606,0.0,0.0,0.0,,0.005474057943279487,not_estimable,,0.058790406893727054,not_estimable,,0.0002628104227120204,not_estimable,0.0
signal_cap_1.00_risk_matched,signal_cap,risk_matched,signal_cap=1; target_vol=0.0702817,retrospective_bound_sensitivity,0.07028167014818668,0.07718572567461184,0.0001587447220289112,1,1990-01-01,2014-12-31,25.005304694826044,0.07734447039664075,0.13448904629764136,1.6150266389937402,1.4991612253021784,2.447088520784143,1.0696847993759488,-0.12572773435324303,471.0,1.6255555660085517,0.032046285638962474,0.023370842040698604,-0.07145662304082256,-0.07798628084589421,0.010562330927244542,0.015055865811931048,0.051045713715910206,-0.013176059651366976,1.922157762439924,0.8303298485538501,1.9823477448134017,0.3087187330794716,2.5430642127313168,5.220196978955966,22.0,0.0103103262327342,1996.992372124863,3360.871074479737,0.0001587447220289112,0.002593799440133715,0.025499976539097524,,0.019227104901376593,not_estimable,,0.24865627243862817,not_estimable,,0.00334957220814513,not_estimable,-0.00011111007039582219
signal_cap_1.50_risk_matched,signal_cap,risk_matched,signal_cap=1.5; target_vol=0.0699465,retrospective_bound_sensitivity,0.06994647437657896,0.07718572567461184,3.905705046164387e-05,1,1990-01-01,2014-12-31,25.005304694826044,0.07722478272507348,0.13458685587306385,1.6184859273596506,1.5028139922199066,2.4541665526352574,1.040491698550979,-0.1293492836708776,467.0,1.6749711570101997,0.03281265777952894,0.023853229688213563,-0.07003731769760702,-0.08358220128298954,0.010479022101459278,0.014933002426058248,0.050928582638259876,0.011439568713643414,2.1165905431995506,0.8136354397880852,1.9496924586714148,0.3032155318065767,2.590149763415074,5.198788875402893,23.0,0.010372248989648563,1928.704426067908,3317.6660470974807,3.905705046164387e-05,0.0026916090155562067,0.028959264905007887,,0.013761745879645654,not_estimable,,0.17760680266383458,not_estimable,,0.0020894228549688397,not_estimable,-4.918731348145869e-05
risk_managed_cap_1.00_risk_matched,risk_managed_cap,risk_matched,risk_managed_cap=1; target_vol=0.0695542,retrospective_bound_sensitivity,0.0695542492199959,0.07718572567461184,4.162856284423144e-05,1,1990-01-01,2014-12-31,25.005304694826044,0.07722735423745607,0.12716314259282435,1.5362727214319338,1.438667327708823,2.326079117093715,1.123152097097965,-0.11321987727342753,507.0,1.4660592531151961,0.033056858878235534,0.024629088465657378,-0.06464447352419811,-0.07226585312785772,0.010503690695096293,0.015308309545727554,0.05100526323094308,0.08954067286054455,3.472517717939688,0.9388073598650352,2.0,0.35924182904510216,2.517403946133888,5.11547777260519,14.0,0.009964247100824716,1673.874773822563,2951.0633888280395,4.162856284423144e-05,-0.00473210426468329,-0.05325394102270886,,0.023762822894606475,not_estimable,,0.3055989270424643,not_estimable,,0.004340856177910873,not_estimable,-0.0004571892023053064
risk_managed_cap_1.50_risk_matched,risk_managed_cap,risk_matched,risk_managed_cap=1.5; target_vol=0.0697351,retrospective_bound_sensitivity,0.06973512118785549,0.07718572567461184,6.152207126519649e-05,1,1990-01-01,2014-12-31,25.005304694826044,0.07724724774587703,0.13161466452314685,1.5852193455280095,1.477230815207745,2.3951788052748944,1.1250920857398017,-0.11698123752830769,471.0,1.5143741808529536,0.03294329980031043,0.02426612794284069,-0.0688529049881188,-0.07928144176365004,0.01054498269380498,0.015083299611367737,0.051125131554220306,0.01444872816185333,2.4609221872198086,0.8311566084955819,1.947831822301317,0.30719849912650354,2.6095891737978048,5.255085309105624,20.0,0.010256659245344116,1796.0889947973712,3152.9268778751366,6.152207126519649e-05,-0.0002805823343607905,-0.00430731692663322,,0.01196881825476542,not_estimable,,0.15441653990480886,not_estimable,,0.0020844059462872973,not_estimable,-0.0001647770577859059
shock_floor_0.25_risk_matched,shock_floor,risk_matched,shock_floor=0.25; target_vol=0.0699141,retrospective_bound_sensitivity,0.06991414887320026,0.07718572567461184,-0.00015294828506802471,1,1990-01-01,2014-12-31,25.005304694826044,0.07703277738954381,0.13365701375409422,1.612042936272804,1.5109142311034653,2.4371647932459948,1.1709986063996192,-0.11413934484946942,459.0,1.4816984239356055,0.03167698820395785,0.023033329837362986,-0.07008118006432318,-0.08854865250680666,0.01051091983854911,0.014904692638341344,0.050952707423160014,0.00043699111400845124,2.283571768284303,0.7976206486810096,1.8437143836299754,0.29407473566024495,2.6382322906833404,5.200660256498882,24.0,0.010460984889209709,1879.498700438116,3281.501838992333,-0.00015294828506802471,0.0017617668965865807,0.022516273818161237,,0.005662182551395684,not_estimable,,0.07324851833529769,not_estimable,,0.0010986508529887882,not_estimable,3.954858607968688e-05
shock_floor_0.50_risk_matched,shock_floor,risk_matched,shock_floor=0.5; target_vol=0.0699034,retrospective_bound_sensitivity,0.06990338389198175,0.07718572567461184,-8.824640227206304e-05,1,1990-01-01,2014-12-31,25.005304694826044,0.07709747927233977,0.1322895768067487,1.595624889454273,1.498200806483485,2.4102404658569703,1.1150766518507846,-0.11863720452506721,467.0,1.5387948561326132,0.03216400292861389,0.023351154591846765,-0.07010093382033289,-0.08969153145907549,0.010535738967443793,0.014911283959754272,0.05103999313918685,-8.816751295678874e-05,2.2669385262830595,0.7969217652315831,1.843754724860825,0.2940866471774287,2.6376617408123177,5.14861681418033,24.0,0.010444421061166807,1831.4931144578313,3213.3339069003287,-8.824640227206304e-05,0.0003943299492410457,0.006098226999630363,,0.005474057943279487,not_estimable,,0.058790406893727054,not_estimable,,0.000738296366667406,not_estimable,2.2984758036784583e-05
max_gross_notional_multiple_3.00_risk_matched,max_gross_notional_multiple,risk_matched,max_gross_notional_multiple=3; target_vol=0.0754768,retrospective_bound_sensitivity,0.07547680395122047,0.07718572567461184,-0.0002961017929454801,2,1990-01-01,2014-12-31,25.005304694826044,0.07688962388166636,0.12252486732134749,1.4908761794523853,1.378178165891795,2.2224234439317305,0.861182085562789,-0.14227521609588123,533.0,1.8503825212468685,0.03813514090175577,0.026558254359110457,-0.08887072930760598,-0.09197753402438036,0.010789493138416137,0.016327051524725116,0.05158013834187711,-0.09529423337927875,3.004161263674015,0.9957449261214898,2.0,0.3741007395407206,2.4218135183997256,3.1684867809567163,166.0,0.010168794842549634,1490.0933888280395,2660.1495377875135,-0.0002961017929454801,-0.009370379536160156,-0.09865048300225743,,0.02882417323497006,not_estimable,,0.3716914896276567,not_estimable,,0.006141891100517617,not_estimable,-0.0002526414605803877
max_gross_notional_multiple_4.00_risk_matched,max_gross_notional_multiple,risk_matched,max_gross_notional_multiple=4; target_vol=0.0704399,retrospective_bound_sensitivity,0.0704398737887914,0.07718572567461184,0.00045228001129425655,1,1990-01-01,2014-12-31,25.005304694826044,0.07763800568590609,0.1318404338403949,1.580113408168704,1.4756929503268694,2.3884227878271806,1.0779636281939036,-0.12230508561897369,475.0,1.5753249267346414,0.032569604829245855,0.023551437153241365,-0.07134336370207484,-0.09048799308804834,0.010630058935829665,0.015171694348805918,0.05136312314260788,0.01614577293047351,2.3156520726738554,0.8379078505990624,2.0,0.2940543792736947,2.597519295041621,4.242157295550012,53.0,0.010405500922825089,1760.4848518619933,3137.8851276013143,0.00045228001129425655,-5.481301711274256e-05,-0.009413254285938644,,0.012550885615229336,not_estimable,,0.16039353114720015,not_estimable,,0.0021820210975702875,not_estimable,-1.5935380304933286e-05
