variant,lever,evaluation_mode,assumption,validation_status,run_status,run_detail,ledger_reconciliation,start,end,years,cagr,annualized_volatility,sharpe,hac_sharpe,sortino,calmar,max_drawdown,max_drawdown_duration_sessions,episode_profit_factor_usd,episode_expectancy_bps_nav,annual_cost_drag,annual_fixed_cost_drag,annual_impact_cost_drag,annual_rebalance_turnover_contracts,annual_roll_turnover_contracts,roll_share_of_turnover,average_risk_scalar,average_markets_held,peak_gross_notional_multiple,peak_static_margin_fraction,portfolio_limit_binding_decision_days,peak_order_participation,peak_rebalance_participation,p999_rebalance_participation,delta_cagr,delta_sharpe,delta_annualized_volatility,delta_max_drawdown,delta_annual_cost_drag,delta_peak_gross_notional_multiple
baseline,baseline,baseline,"Canonical configuration: risk-scalar clip [0.25, 2], signal_cap 2, risk_managed_cap 2, shock_floor 0.75, gross-notional multiple 5.0.",retrospective_lever_sensitivity,completed,,reconciled,1990-01-01,2014-12-31,25.005304694826044,0.13189524685750764,0.07718572567461184,1.5895266624546427,1.4889016291562005,2.4014239410781735,1.1133104048113114,-0.11847122445591607,467,1.8498924837444668,16.497485683005603,0.010421436303130022,0.00948913025155786,0.000932306051572164,1808.2504099123767,3179.4099594742606,0.6374551841959624,0.7964111965450026,39.82032806990649,5.1117169008057015,0.5259920430451536,24,0.01999375195251484,0.019863438857852266,0.017411047759432162,0.0,0.0,0.0,0.0,0.0,0.0
risk_scalar_max1.00_min0.00,risk_scalar_bounds,as_is,"EWMA volatility-target multiplier clipped to [0, 1] with every other control unchanged.",retrospective_lever_sensitivity,completed,,reconciled,1990-01-01,2014-12-31,25.005304694826044,0.12942890762270998,0.07463748995100963,1.6129638432970943,1.4995130745705145,2.433894802428647,1.1493448323892395,-0.11261103193343225,459,1.8697612160366521,16.085222909770945,0.009854682968631432,0.008998825592034847,0.0008558573765965873,1630.269699890471,2939.142001642935,0.6432210957608867,0.7562632165548716,39.639889621339876,5.153849848738706,0.40208519877884474,20,0.01999375195251484,0.019863438857852266,0.016238773274918208,-0.0024663392347976654,0.02343718084245161,-0.002548235723602202,0.00586019252248382,-0.00056675333449859,0.042132947933004594
risk_scalar_max1.00_min0.10,risk_scalar_bounds,as_is,"EWMA volatility-target multiplier clipped to [0.1, 1] with every other control unchanged.",retrospective_lever_sensitivity,completed,,reconciled,1990-01-01,2014-12-31,25.005304694826044,0.12942890762270998,0.07463748995100963,1.6129638432970943,1.4995130745705145,2.433894802428647,1.1493448323892395,-0.11261103193343225,459,1.8697612160366521,16.085222909770945,0.009854682968631432,0.008998825592034847,0.0008558573765965873,1630.269699890471,2939.142001642935,0.6432210957608867,0.7562632165548716,39.639889621339876,5.153849848738706,0.40208519877884474,20,0.01999375195251484,0.019863438857852266,0.016238773274918208,-0.0024663392347976654,0.02343718084245161,-0.002548235723602202,0.00586019252248382,-0.00056675333449859,0.042132947933004594
risk_scalar_max1.00_min0.25,risk_scalar_bounds,as_is,"EWMA volatility-target multiplier clipped to [0.25, 1] with every other control unchanged.",retrospective_lever_sensitivity,completed,,reconciled,1990-01-01,2014-12-31,25.005304694826044,0.12942890762270998,0.07463748995100963,1.6129638432970943,1.4995130745705145,2.433894802428647,1.1493448323892395,-0.11261103193343225,459,1.8697612160366521,16.085222909770945,0.009854682968631432,0.008998825592034847,0.0008558573765965873,1630.269699890471,2939.142001642935,0.6432210957608867,0.7562632165548716,39.639889621339876,5.153849848738706,0.40208519877884474,20,0.01999375195251484,0.019863438857852266,0.016238773274918208,-0.0024663392347976654,0.02343718084245161,-0.002548235723602202,0.00586019252248382,-0.00056675333449859,0.042132947933004594
risk_scalar_max1.25_min0.00,risk_scalar_bounds,as_is,"EWMA volatility-target multiplier clipped to [0, 1.25] with every other control unchanged.",retrospective_lever_sensitivity,completed,,reconciled,1990-01-01,2014-12-31,25.005304694826044,0.13167049211443782,0.07688842091557042,1.5928820772373076,1.494475002617176,2.4024150331289964,1.112468753769537,-0.11835882281482502,471,1.8539228436837007,16.40303332415791,0.01033803840099278,0.009414160975751524,0.0009238774252412533,1784.6076588170865,3158.9275761226722,0.6390017317558709,0.7863506964141593,39.83305227655986,5.136933916899562,0.467452294479511,23,0.01999375195251484,0.019863438857852266,0.017753911141594324,-0.00022475474306982157,0.0033554147826648784,-0.0002973047590414113,0.00011240164109105333,-8.339790213724232e-05,0.025217016093860067
risk_scalar_max1.25_min0.10,risk_scalar_bounds,as_is,"EWMA volatility-target multiplier clipped to [0.1, 1.25] with every other control unchanged.",retrospective_lever_sensitivity,completed,,reconciled,1990-01-01,2014-12-31,25.005304694826044,0.13167049211443782,0.07688842091557042,1.5928820772373076,1.494475002617176,2.4024150331289964,1.112468753769537,-0.11835882281482502,471,1.8539228436837007,16.40303332415791,0.01033803840099278,0.009414160975751524,0.0009238774252412533,1784.6076588170865,3158.9275761226722,0.6390017317558709,0.7863506964141593,39.83305227655986,5.136933916899562,0.467452294479511,23,0.01999375195251484,0.019863438857852266,0.017753911141594324,-0.00022475474306982157,0.0033554147826648784,-0.0002973047590414113,0.00011240164109105333,-8.339790213724232e-05,0.025217016093860067
risk_scalar_max1.25_min0.25,risk_scalar_bounds,as_is,"EWMA volatility-target multiplier clipped to [0.25, 1.25] with every other control unchanged.",retrospective_lever_sensitivity,completed,,reconciled,1990-01-01,2014-12-31,25.005304694826044,0.13167049211443782,0.07688842091557042,1.5928820772373076,1.494475002617176,2.4024150331289964,1.112468753769537,-0.11835882281482502,471,1.8539228436837007,16.40303332415791,0.01033803840099278,0.009414160975751524,0.0009238774252412533,1784.6076588170865,3158.9275761226722,0.6390017317558709,0.7863506964141593,39.83305227655986,5.136933916899562,0.467452294479511,23,0.01999375195251484,0.019863438857852266,0.017753911141594324,-0.00022475474306982157,0.0033554147826648784,-0.0002973047590414113,0.00011240164109105333,-8.339790213724232e-05,0.025217016093860067
risk_scalar_max1.50_min0.00,risk_scalar_bounds,as_is,"EWMA volatility-target multiplier clipped to [0, 1.5] with every other control unchanged.",retrospective_lever_sensitivity,completed,,reconciled,1990-01-01,2014-12-31,25.005304694826044,0.13344972588321236,0.07738096750587252,1.6028516284040553,1.5007663981500732,2.42378660746918,1.0989901538309148,-0.12142940991602758,462,1.8465754973407849,16.585956552250682,0.010440534637983266,0.009503697496381108,0.0009368371416021599,1828.9728211938664,3223.815126506024,0.6380269981394244,0.794116140333519,39.85282845316572,5.170599866741807,0.5259920430451536,24,0.01999375195251484,0.019863438857852266,0.01793459649984944,0.0015544790257047136,0.01332496594941257,0.00019524183126068406,-0.0029581854601115065,1.909833485324447e-05,0.05888296593610587
risk_scalar_max1.50_min0.10,risk_scalar_bounds,as_is,"EWMA volatility-target multiplier clipped to [0.1, 1.5] with every other control unchanged.",retrospective_lever_sensitivity,completed,,reconciled,1990-01-01,2014-12-31,25.005304694826044,0.13344972588321236,0.07738096750587252,1.6028516284040553,1.5007663981500732,2.42378660746918,1.0989901538309148,-0.12142940991602758,462,1.8465754973407849,16.585956552250682,0.010440534637983266,0.009503697496381108,0.0009368371416021599,1828.9728211938664,3223.815126506024,0.6380269981394244,0.794116140333519,39.85282845316572,5.170599866741807,0.5259920430451536,24,0.01999375195251484,0.019863438857852266,0.01793459649984944,0.0015544790257047136,0.01332496594941257,0.00019524183126068406,-0.0029581854601115065,1.909833485324447e-05,0.05888296593610587
risk_scalar_max1.50_min0.25,risk_scalar_bounds,as_is,"EWMA volatility-target multiplier clipped to [0.25, 1.5] with every other control unchanged.",retrospective_lever_sensitivity,completed,,reconciled,1990-01-01,2014-12-31,25.005304694826044,0.13344972588321236,0.07738096750587252,1.6028516284040553,1.5007663981500732,2.42378660746918,1.0989901538309148,-0.12142940991602758,462,1.8465754973407849,16.585956552250682,0.010440534637983266,0.009503697496381108,0.0009368371416021599,1828.9728211938664,3223.815126506024,0.6380269981394244,0.794116140333519,39.85282845316572,5.170599866741807,0.5259920430451536,24,0.01999375195251484,0.019863438857852266,0.01793459649984944,0.0015544790257047136,0.01332496594941257,0.00019524183126068406,-0.0029581854601115065,1.909833485324447e-05,0.05888296593610587
risk_scalar_max1.75_min0.00,risk_scalar_bounds,as_is,"EWMA volatility-target multiplier clipped to [0, 1.75] with every other control unchanged.",retrospective_lever_sensitivity,completed,,reconciled,1990-01-01,2014-12-31,25.005304694826044,0.13217779582891254,0.07721929975954817,1.5919929636654275,1.4912462882627788,2.4054136676401914,1.1163264045107453,-0.11840425461121507,467,1.8413558982958036,16.50401765245592,0.010431784006150184,0.00949789280200778,0.0009338912041424038,1813.9710755750273,3193.0915514786416,0.6377175180965469,0.7957863191679336,39.8373447800092,5.12674994411324,0.5259920430451536,24,0.01999375195251484,0.019863438857852266,0.01793459649984944,0.00028254897140489454,0.002466301210784838,3.3574084936330295e-05,6.696984470100364e-05,1.034770302016201e-05,0.01503304330753874
risk_scalar_max1.75_min0.10,risk_scalar_bounds,as_is,"EWMA volatility-target multiplier clipped to [0.1, 1.75] with every other control unchanged.",retrospective_lever_sensitivity,completed,,reconciled,1990-01-01,2014-12-31,25.005304694826044,0.13217779582891254,0.07721929975954817,1.5919929636654275,1.4912462882627788,2.4054136676401914,1.1163264045107453,-0.11840425461121507,467,1.8413558982958036,16.50401765245592,0.010431784006150184,0.00949789280200778,0.0009338912041424038,1813.9710755750273,3193.0915514786416,0.6377175180965469,0.7957863191679336,39.8373447800092,5.12674994411324,0.5259920430451536,24,0.01999375195251484,0.019863438857852266,0.01793459649984944,0.00028254897140489454,0.002466301210784838,3.3574084936330295e-05,6.696984470100364e-05,1.034770302016201e-05,0.01503304330753874
risk_scalar_max1.75_min0.25,risk_scalar_bounds,as_is,"EWMA volatility-target multiplier clipped to [0.25, 1.75] with every other control unchanged.",retrospective_lever_sensitivity,completed,,reconciled,1990-01-01,2014-12-31,25.005304694826044,0.13217779582891254,0.07721929975954817,1.5919929636654275,1.4912462882627788,2.4054136676401914,1.1163264045107453,-0.11840425461121507,467,1.8413558982958036,16.50401765245592,0.010431784006150184,0.00949789280200778,0.0009338912041424038,1813.9710755750273,3193.0915514786416,0.6377175180965469,0.7957863191679336,39.8373447800092,5.12674994411324,0.5259920430451536,24,0.01999375195251484,0.019863438857852266,0.01793459649984944,0.00028254897140489454,0.002466301210784838,3.3574084936330295e-05,6.696984470100364e-05,1.034770302016201e-05,0.01503304330753874
risk_scalar_max2.00_min0.00,risk_scalar_bounds,as_is,"EWMA volatility-target multiplier clipped to [0, 2] with every other control unchanged.",retrospective_lever_sensitivity,completed,,reconciled,1990-01-01,2014-12-31,25.005304694826044,0.13189524685750764,0.07718572567461184,1.5895266624546427,1.4889016291562005,2.4014239410781735,1.1133104048113114,-0.11847122445591607,467,1.8498924837444668,16.497485683005603,0.010421436303130022,0.00948913025155786,0.000932306051572164,1808.2504099123767,3179.4099594742606,0.6374551841959624,0.7964111965450026,39.82032806990649,5.1117169008057015,0.5259920430451536,24,0.01999375195251484,0.019863438857852266,0.017411047759432162,0.0,0.0,0.0,0.0,0.0,0.0
risk_scalar_max2.00_min0.10,risk_scalar_bounds,as_is,"EWMA volatility-target multiplier clipped to [0.1, 2] with every other control unchanged.",retrospective_lever_sensitivity,completed,,reconciled,1990-01-01,2014-12-31,25.005304694826044,0.13189524685750764,0.07718572567461184,1.5895266624546427,1.4889016291562005,2.4014239410781735,1.1133104048113114,-0.11847122445591607,467,1.8498924837444668,16.497485683005603,0.010421436303130022,0.00948913025155786,0.000932306051572164,1808.2504099123767,3179.4099594742606,0.6374551841959624,0.7964111965450026,39.82032806990649,5.1117169008057015,0.5259920430451536,24,0.01999375195251484,0.019863438857852266,0.017411047759432162,0.0,0.0,0.0,0.0,0.0,0.0
signal_cap_1.00,signal_cap,as_is,Basis-momentum normalisation cap set to 1. Every other control unchanged.,retrospective_lever_sensitivity,completed,,reconciled,1990-01-01,2014-12-31,25.005304694826044,0.13384817584605635,0.07687638591727791,1.6172869434075645,1.5016601886482266,2.4512142626979774,1.0684803098199118,-0.12526967003127643,471,1.868617687014006,18.552339447286407,0.010258346896187077,0.009275496953740948,0.000982849942446128,1976.22995618839,3317.5060284775464,0.6266852064566834,0.8299111971767744,33.817108692319486,5.149248038451194,0.5059961701997341,22,0.01999375195251484,0.019863438857852266,0.01916898410940203,0.0019529289885487078,0.027760280952921823,-0.0003093397573339235,-0.006798445575360357,-0.00016308940694294456,0.03753113764549276
signal_cap_1.50,signal_cap,as_is,Basis-momentum normalisation cap set to 1.5. Every other control unchanged.,retrospective_lever_sensitivity,completed,,reconciled,1990-01-01,2014-12-31,25.005304694826044,0.13456450788290852,0.07724479104027554,1.6178401801551272,1.501746223381212,2.45321291677228,1.0398890866542145,-0.12940275036048543,467,1.8952865405200807,17.661126374118417,0.01037440240043238,0.009412082192929267,0.0009623202075031139,1927.2642584884993,3316.785944687842,0.6324855438414476,0.8137233688549306,36.99954008891614,5.200957675580182,0.5086987878387434,23,0.01999375195251484,0.019863438857852266,0.01916898410940203,0.002669261025400882,0.028313517700484514,5.906536566370468e-05,-0.010931525904569361,-4.7033902697642474e-05,0.08924077477448034
risk_managed_cap_1.00,risk_managed_cap,as_is,Forecast volatility-weight cap set to 1. Every other control unchanged.,retrospective_lever_sensitivity,completed,,reconciled,1990-01-01,2014-12-31,25.005304694826044,0.12824147922335616,0.07768038412913442,1.539661865599239,1.4386257795809025,2.33033304947281,1.1505542282768815,-0.11146061269568841,507,1.8550968797718717,16.381582386970145,0.010039999640219077,0.00914565883469087,0.0008943408055282079,1702.558111445783,3000.349123767798,0.6379775261783445,0.9392261485309263,39.071132914303234,5.108994468872004,0.525605859545234,15,0.01999375195251484,0.019700214132762312,0.017849298304997017,-0.0036537676341514835,-0.04986479685540379,0.0004946584545225813,0.0070106117602276585,-0.0003814366629109455,-0.0027224319336971448
risk_managed_cap_1.50,risk_managed_cap,as_is,Forecast volatility-weight cap set to 1.5. Every other control unchanged.,retrospective_lever_sensitivity,completed,,reconciled,1990-01-01,2014-12-31,25.005304694826044,0.1320028276766394,0.07747890453460304,1.584988639121279,1.4769936933994652,2.3957316576310235,1.0828671849747609,-0.1219012169804703,471,1.8615040154450062,16.605227711130475,0.01029766675927333,0.00936864008525752,0.0009290266740158081,1824.4522951807228,3189.0110766703174,0.6360894336189975,0.8315574239852168,39.62501916296183,5.2015701871109865,0.5127894498215199,21,0.01999375195251484,0.019863438857852266,0.017405179094261695,0.00010758081913175843,-0.004538023333363617,0.0002931788599912083,-0.003429992524554226,-0.0001237695438566916,0.089853286305285
shock_floor_0.25,shock_floor,as_is,Volatility-shock taper floor set to 0.25. Every other control unchanged.,retrospective_lever_sensitivity,completed,,reconciled,1990-01-01,2014-12-31,25.005304694826044,0.13408749428931221,0.07728050593910508,1.6118705645023883,1.5122675632007903,2.4368327029217993,1.1742401173493988,-0.11419086463506856,459,1.8560287703512206,16.674648425989727,0.010482614057061692,0.009533655347145254,0.0009489587099164369,1889.9799200438115,3294.543356516977,0.6354573373045881,0.7977739421760605,39.85497470489039,5.206420638029952,0.5263169960480333,24,0.01999375195251484,0.019863438857852266,0.018205624537232113,0.0021922474318045726,0.022343902047745612,9.478026449324939e-05,0.004280359820847512,6.117775393166963e-05,0.09470373722425052
shock_floor_0.50,shock_floor,as_is,Volatility-shock taper floor set to 0.5. Every other control unchanged.,retrospective_lever_sensitivity,completed,,reconciled,1990-01-01,2014-12-31,25.005304694826044,0.1329033399200461,0.07729240698235466,1.5985714144958378,1.500544180364873,2.4153127976878372,1.1197453268926225,-0.1186906850407341,459,1.8523988894237033,16.54518339737123,0.010468252965209037,0.009527472406294844,0.0009407805589141926,1842.4943945783132,3231.9760761226726,0.6369090321410833,0.7970942743095961,39.83397209872758,5.148062768003177,0.5219514564244806,24,0.01999375195251484,0.019863438857852266,0.018024939178976997,0.001008093062538462,0.009044752041195148,0.00010668130774282858,-0.000219460584818032,4.681666207901475e-05,0.03634586719747546
max_gross_notional_multiple_3.00,max_gross_notional_multiple,as_is,Gross-notional multiple limited to 3 of NAV. Every other control unchanged.,retrospective_lever_sensitivity,completed,,reconciled,1990-01-01,2014-12-31,25.005304694826044,0.11638303836458808,0.07282833257851495,1.49702968059386,1.3948881417381769,2.241477735869527,0.9572696050137542,-0.12157811942949537,467,1.964095040594689,14.647797803376482,0.009625980030937929,0.008888089910499627,0.0007378901204383016,1287.189778751369,2296.347205366922,0.6408046618589386,0.9496193618930643,38.44565384025755,3.2034068257350388,0.528545674736673,134,0.01999375195251484,0.0198226395409494,0.014207016307761016,-0.015512208492919566,-0.09249698186078259,-0.0043573930960968815,-0.0031068949735792994,-0.0007954562721920935,-1.9083100750706627
max_gross_notional_multiple_4.00,max_gross_notional_multiple,as_is,Gross-notional multiple limited to 4 of NAV. Every other control unchanged.,retrospective_lever_sensitivity,completed,,reconciled,1990-01-01,2014-12-31,25.005304694826044,0.13008796189149296,0.07670372626480446,1.5788956767232323,1.4690015389438906,2.3868085685964284,1.1204532895725774,-0.11610297644903878,467,1.8770084208881948,16.271853424143927,0.01030335285720141,0.009413029399605559,0.0008903234575958532,1714.319480010953,3030.9926894852133,0.6387340982473297,0.8363157566837467,39.566610455311974,4.261800586428893,0.527725191352487,51,0.01999375195251484,0.019863438857852266,0.017975719959099357,-0.0018072849660146773,-0.010630985731410414,-0.0004819994098073793,0.0023682480068772938,-0.00011808344592861147,-0.8499163143768085
baseline_match_control_minus1.00tol,risk_match_control,risk_match_control,"No bound changed.  The canonical configuration re-run at risk budget 0.069547, which the match tolerance accepts, so this row's loss-shape delta is solver jitter and nothing else.",retrospective_lever_sensitivity,completed,,reconciled,1990-01-01,2014-12-31,25.005304694826044,0.1315352824815641,0.07678051106368093,1.5935072223007356,1.4925713336039994,2.405395292556564,1.130969015199555,-0.11630317074456298,467,1.839772121510989,16.308656224739195,0.010373757408580033,0.009449233555749406,0.0009245238528306262,1785.967817086528,3134.124690032859,0.6370052362832146,0.7956008701235532,39.78230875364096,5.192961116990446,0.5210591179015459,23,0.01999375195251484,0.019863438857852266,0.016683426237756222,-0.00035996437594354447,0.003980559846092913,-0.00040521461093090405,0.0021680537113530907,-4.7678894549988554e-05,0.08124421618474464
baseline_match_control_minus0.50tol,risk_match_control,risk_match_control,"No bound changed.  The canonical configuration re-run at risk budget 0.069773, which the match tolerance accepts, so this row's loss-shape delta is solver jitter and nothing else.",retrospective_lever_sensitivity,completed,,reconciled,1990-01-01,2014-12-31,25.005304694826044,0.13199314987128874,0.0770335331712999,1.593600651691215,1.4952106930111726,2.4070480295956593,1.1253562505498649,-0.11729010240694449,467,1.8465285201487165,16.48692116346462,0.010399947514139644,0.00947086290974358,0.0009290846043960621,1803.1698187294633,3170.608935377875,0.6374648113890453,0.7960062860876018,39.829986202667484,5.202372840019173,0.5221676381617593,24,0.01999375195251484,0.019863438857852266,0.017320705080304605,9.790301378109767e-05,0.004073989236572206,-0.00015219250331192924,0.0011811220489715835,-2.1488788990378302e-05,0.09065593921347137
baseline_match_control_plus0.50tol,risk_match_control,risk_match_control,"No bound changed.  The canonical configuration re-run at risk budget 0.070227, which the match tolerance accepts, so this row's loss-shape delta is solver jitter and nothing else.",retrospective_lever_sensitivity,completed,,reconciled,1990-01-01,2014-12-31,25.005304694826044,0.13332124183770966,0.07739066464694441,1.6012454554064,1.5021765396765587,2.4199803008292546,1.094796155851588,-0.12177722868784246,462,1.8503924739213586,16.577541813337167,0.010473704624464054,0.009531545909593282,0.000942158714870776,1845.3747297371303,3238.9368860898135,0.6370453132745313,0.7968156041797413,39.83857120956615,5.235096443966926,0.5281477186181257,24,0.01999375195251484,0.019863438857852266,0.017411047759432162,0.0014259949802020166,0.011718792951757262,0.0002049389723325773,-0.003306004231926396,5.226832133403171e-05,0.12337954316122435
baseline_match_control_plus1.00tol,risk_match_control,risk_match_control,"No bound changed.  The canonical configuration re-run at risk budget 0.070453, which the match tolerance accepts, so this row's loss-shape delta is solver jitter and nothing else.",retrospective_lever_sensitivity,completed,,reconciled,1990-01-01,2014-12-31,25.005304694826044,0.13316286851180603,0.07763663241579771,1.5946779726583709,1.4943795571049128,2.4099697359677132,1.1018803184887755,-0.12085057358537665,466,1.8500324653497584,16.63077309154834,0.010500946196119416,0.009554960900332145,0.0009459852957872709,1851.9354931544358,3250.1381894852134,0.6370229815661338,0.797226302068591,39.83964433542848,5.226070583745695,0.5288662128281713,24,0.01999375195251484,0.019863438857852266,0.01750139043855972,0.0012676216542983898,0.0051513102037281655,0.0004509067411858775,-0.002379349129460584,7.950989298939441e-05,0.11435368293999382
baseline_risk_matched,baseline,risk_matched,"Canonical configuration: risk-scalar clip [0.25, 2], signal_cap 2, risk_managed_cap 2, shock_floor 0.75, gross-notional multiple 5.0. Risk budget rescaled to 0.070000 so realised annualised volatility returns to the incumbent's.",retrospective_lever_sensitivity,completed,,reconciled,1990-01-01,2014-12-31,25.005304694826044,0.13189524685750764,0.07718572567461184,1.5895266624546427,1.4889016291562005,2.4014239410781735,1.1133104048113114,-0.11847122445591607,467,1.8498924837444668,16.497485683005603,0.010421436303130022,0.00948913025155786,0.000932306051572164,1808.2504099123767,3179.4099594742606,0.6374551841959624,0.7964111965450026,39.82032806990649,5.1117169008057015,0.5259920430451536,24,0.01999375195251484,0.019863438857852266,0.017411047759432162,0.0,0.0,0.0,0.0,0.0,0.0
risk_scalar_max1.00_min0.00_risk_matched,risk_scalar_bounds,risk_matched,"EWMA volatility-target multiplier clipped to [0, 1] with every other control unchanged. Risk budget rescaled to 0.072390 so realised annualised volatility returns to the incumbent's.",retrospective_lever_sensitivity,completed,,reconciled,1990-01-01,2014-12-31,25.005304694826044,0.13121115762498525,0.07743320267770847,1.5771540832957598,1.4724599432224394,2.372944513681487,1.0813166285859344,-0.12134388222307602,464,1.853626396261424,16.315200651949066,0.010216371847415681,0.009311055247657048,0.0009053165997586324,1722.4004203176341,3119.4029769989047,0.6442646925167932,0.7591799524425221,39.79564617507282,5.1826890572752555,0.40474984842186096,21,0.01999375195251484,0.019863438857852266,0.016762322015335486,-0.0006840892325223891,-0.012372579158882901,0.00024747700309663,-0.0028726577671599474,-0.00020506445571434086,0.07097215646955402
risk_scalar_max1.00_min0.10_risk_matched,risk_scalar_bounds,risk_matched,"EWMA volatility-target multiplier clipped to [0.1, 1] with every other control unchanged. Risk budget rescaled to 0.072390 so realised annualised volatility returns to the incumbent's.",retrospective_lever_sensitivity,completed,,reconciled,1990-01-01,2014-12-31,25.005304694826044,0.13121115762498525,0.07743320267770847,1.5771540832957598,1.4724599432224394,2.372944513681487,1.0813166285859344,-0.12134388222307602,464,1.853626396261424,16.315200651949066,0.010216371847415681,0.009311055247657048,0.0009053165997586324,1722.4004203176341,3119.4029769989047,0.6442646925167932,0.7591799524425221,39.79564617507282,5.1826890572752555,0.40474984842186096,21,0.01999375195251484,0.019863438857852266,0.016762322015335486,-0.0006840892325223891,-0.012372579158882901,0.00024747700309663,-0.0028726577671599474,-0.00020506445571434086,0.07097215646955402
risk_scalar_max1.00_min0.25_risk_matched,risk_scalar_bounds,risk_matched,"EWMA volatility-target multiplier clipped to [0.25, 1] with every other control unchanged. Risk budget rescaled to 0.072390 so realised annualised volatility returns to the incumbent's.",retrospective_lever_sensitivity,completed,,reconciled,1990-01-01,2014-12-31,25.005304694826044,0.13121115762498525,0.07743320267770847,1.5771540832957598,1.4724599432224394,2.372944513681487,1.0813166285859344,-0.12134388222307602,464,1.853626396261424,16.315200651949066,0.010216371847415681,0.009311055247657048,0.0009053165997586324,1722.4004203176341,3119.4029769989047,0.6442646925167932,0.7591799524425221,39.79564617507282,5.1826890572752555,0.40474984842186096,21,0.01999375195251484,0.019863438857852266,0.016762322015335486,-0.0006840892325223891,-0.012372579158882901,0.00024747700309663,-0.0028726577671599474,-0.00020506445571434086,0.07097215646955402
risk_scalar_max1.25_min0.00_risk_matched,risk_scalar_bounds,risk_matched,"EWMA volatility-target multiplier clipped to [0, 1.25] with every other control unchanged. Risk budget rescaled to 0.070271 so realised annualised volatility returns to the incumbent's.",retrospective_lever_sensitivity,completed,,reconciled,1990-01-01,2014-12-31,25.005304694826044,0.1322485187212019,0.07708657394955862,1.5953870903510508,1.4976012131789456,2.40723883818445,1.0967945611155614,-0.12057729260317496,471,1.862298634532236,16.499386924309842,0.010381666370064614,0.00945238335663746,0.0009292830134271545,1802.1296976998904,3186.450778751369,0.6387489975942261,0.7867505638590753,39.82109458837958,5.118087610303986,0.47305433495405613,23,0.01999375195251484,0.019863438857852266,0.017320705080304605,0.0003532718636942711,0.00586042789640806,-9.915172505321757e-05,-0.0021060681472588882,-3.9769933065408186e-05,0.006370709498284555
risk_scalar_max1.25_min0.10_risk_matched,risk_scalar_bounds,risk_matched,"EWMA volatility-target multiplier clipped to [0.1, 1.25] with every other control unchanged. Risk budget rescaled to 0.070271 so realised annualised volatility returns to the incumbent's.",retrospective_lever_sensitivity,completed,,reconciled,1990-01-01,2014-12-31,25.005304694826044,0.1322485187212019,0.07708657394955862,1.5953870903510508,1.4976012131789456,2.40723883818445,1.0967945611155614,-0.12057729260317496,471,1.862298634532236,16.499386924309842,0.010381666370064614,0.00945238335663746,0.0009292830134271545,1802.1296976998904,3186.450778751369,0.6387489975942261,0.7867505638590753,39.82109458837958,5.118087610303986,0.47305433495405613,23,0.01999375195251484,0.019863438857852266,0.017320705080304605,0.0003532718636942711,0.00586042789640806,-9.915172505321757e-05,-0.0021060681472588882,-3.9769933065408186e-05,0.006370709498284555
risk_scalar_max1.25_min0.25_risk_matched,risk_scalar_bounds,risk_matched,"EWMA volatility-target multiplier clipped to [0.25, 1.25] with every other control unchanged. Risk budget rescaled to 0.070271 so realised annualised volatility returns to the incumbent's.",retrospective_lever_sensitivity,completed,,reconciled,1990-01-01,2014-12-31,25.005304694826044,0.1322485187212019,0.07708657394955862,1.5953870903510508,1.4976012131789456,2.40723883818445,1.0967945611155614,-0.12057729260317496,471,1.862298634532236,16.499386924309842,0.010381666370064614,0.00945238335663746,0.0009292830134271545,1802.1296976998904,3186.450778751369,0.6387489975942261,0.7867505638590753,39.82109458837958,5.118087610303986,0.47305433495405613,23,0.01999375195251484,0.019863438857852266,0.017320705080304605,0.0003532718636942711,0.00586042789640806,-9.915172505321757e-05,-0.0021060681472588882,-3.9769933065408186e-05,0.006370709498284555
risk_scalar_max1.50_min0.00_risk_matched,risk_scalar_bounds,risk_matched,"EWMA volatility-target multiplier clipped to [0, 1.5] with every other control unchanged. Risk budget rescaled to 0.069823 so realised annualised volatility returns to the incumbent's.",retrospective_lever_sensitivity,completed,,reconciled,1990-01-01,2014-12-31,25.005304694826044,0.13311978208712016,0.07716864278570554,1.6034034655987133,1.5029220313810345,2.423945892140966,1.1060530817022944,-0.12035569023707193,467,1.8492381702071987,16.535714719398875,0.010413454525467408,0.009480493042766998,0.00093296148270041,1818.651620208105,3209.493460021906,0.638305659206454,0.7938288026755916,39.8333588839491,5.174900616412208,0.5265238306251342,24,0.01999375195251484,0.019863438857852266,0.01793459649984944,0.0012245352296125223,0.013876803144070582,-1.708288890629739e-05,-0.001884465781155864,-7.981777662613779e-06,0.06318371560650693
risk_scalar_max1.50_min0.10_risk_matched,risk_scalar_bounds,risk_matched,"EWMA volatility-target multiplier clipped to [0.1, 1.5] with every other control unchanged. Risk budget rescaled to 0.069823 so realised annualised volatility returns to the incumbent's.",retrospective_lever_sensitivity,completed,,reconciled,1990-01-01,2014-12-31,25.005304694826044,0.13311978208712016,0.07716864278570554,1.6034034655987133,1.5029220313810345,2.423945892140966,1.1060530817022944,-0.12035569023707193,467,1.8492381702071987,16.535714719398875,0.010413454525467408,0.009480493042766998,0.00093296148270041,1818.651620208105,3209.493460021906,0.638305659206454,0.7938288026755916,39.8333588839491,5.174900616412208,0.5265238306251342,24,0.01999375195251484,0.019863438857852266,0.01793459649984944,0.0012245352296125223,0.013876803144070582,-1.708288890629739e-05,-0.001884465781155864,-7.981777662613779e-06,0.06318371560650693
risk_scalar_max1.50_min0.25_risk_matched,risk_scalar_bounds,risk_matched,"EWMA volatility-target multiplier clipped to [0.25, 1.5] with every other control unchanged. Risk budget rescaled to 0.069823 so realised annualised volatility returns to the incumbent's.",retrospective_lever_sensitivity,completed,,reconciled,1990-01-01,2014-12-31,25.005304694826044,0.13311978208712016,0.07716864278570554,1.6034034655987133,1.5029220313810345,2.423945892140966,1.1060530817022944,-0.12035569023707193,467,1.8492381702071987,16.535714719398875,0.010413454525467408,0.009480493042766998,0.00093296148270041,1818.651620208105,3209.493460021906,0.638305659206454,0.7938288026755916,39.8333588839491,5.174900616412208,0.5265238306251342,24,0.01999375195251484,0.019863438857852266,0.01793459649984944,0.0012245352296125223,0.013876803144070582,-1.708288890629739e-05,-0.001884465781155864,-7.981777662613779e-06,0.06318371560650693
risk_scalar_max1.75_min0.00_risk_matched,risk_scalar_bounds,risk_matched,"EWMA volatility-target multiplier clipped to [0, 1.75] with every other control unchanged. Risk budget rescaled to 0.069970 so realised annualised volatility returns to the incumbent's.",retrospective_lever_sensitivity,completed,,reconciled,1990-01-01,2014-12-31,25.005304694826044,0.13217984968008145,0.07714098062266501,1.5935543203230371,1.494842000556403,2.406671615066173,1.1150471133080158,-0.11854194150410635,467,1.8368454569043213,16.459093180442867,0.010430944564190744,0.0094982134400135,0.0009327311241772428,1811.8908335158817,3191.491365279299,0.6378667945950268,0.7957346171858037,39.83351218764372,5.196092315655281,0.5273939384163167,24,0.01999375195251484,0.019863438857852266,0.017411047759432162,0.00028460282257380953,0.00402765786839443,-4.474505194682066e-05,-7.071704819028302e-05,9.508261060721737e-06,0.08437541484957922
risk_scalar_max1.75_min0.10_risk_matched,risk_scalar_bounds,risk_matched,"EWMA volatility-target multiplier clipped to [0.1, 1.75] with every other control unchanged. Risk budget rescaled to 0.069970 so realised annualised volatility returns to the incumbent's.",retrospective_lever_sensitivity,completed,,reconciled,1990-01-01,2014-12-31,25.005304694826044,0.13217984968008145,0.07714098062266501,1.5935543203230371,1.494842000556403,2.406671615066173,1.1150471133080158,-0.11854194150410635,467,1.8368454569043213,16.459093180442867,0.010430944564190744,0.0094982134400135,0.0009327311241772428,1811.8908335158817,3191.491365279299,0.6378667945950268,0.7957346171858037,39.83351218764372,5.196092315655281,0.5273939384163167,24,0.01999375195251484,0.019863438857852266,0.017411047759432162,0.00028460282257380953,0.00402765786839443,-4.474505194682066e-05,-7.071704819028302e-05,9.508261060721737e-06,0.08437541484957922
risk_scalar_max1.75_min0.25_risk_matched,risk_scalar_bounds,risk_matched,"EWMA volatility-target multiplier clipped to [0.25, 1.75] with every other control unchanged. Risk budget rescaled to 0.069970 so realised annualised volatility returns to the incumbent's.",retrospective_lever_sensitivity,completed,,reconciled,1990-01-01,2014-12-31,25.005304694826044,0.13217984968008145,0.07714098062266501,1.5935543203230371,1.494842000556403,2.406671615066173,1.1150471133080158,-0.11854194150410635,467,1.8368454569043213,16.459093180442867,0.010430944564190744,0.0094982134400135,0.0009327311241772428,1811.8908335158817,3191.491365279299,0.6378667945950268,0.7957346171858037,39.83351218764372,5.196092315655281,0.5273939384163167,24,0.01999375195251484,0.019863438857852266,0.017411047759432162,0.00028460282257380953,0.00402765786839443,-4.474505194682066e-05,-7.071704819028302e-05,9.508261060721737e-06,0.08437541484957922
risk_scalar_max2.00_min0.00_risk_matched,risk_scalar_bounds,risk_matched,"EWMA volatility-target multiplier clipped to [0, 2] with every other control unchanged. Risk budget rescaled to 0.070000 so realised annualised volatility returns to the incumbent's.",retrospective_lever_sensitivity,completed,,reconciled,1990-01-01,2014-12-31,25.005304694826044,0.13189524685750764,0.07718572567461184,1.5895266624546427,1.4889016291562005,2.4014239410781735,1.1133104048113114,-0.11847122445591607,467,1.8498924837444668,16.497485683005603,0.010421436303130022,0.00948913025155786,0.000932306051572164,1808.2504099123767,3179.4099594742606,0.6374551841959624,0.7964111965450026,39.82032806990649,5.1117169008057015,0.5259920430451536,24,0.01999375195251484,0.019863438857852266,0.017411047759432162,0.0,0.0,0.0,0.0,0.0,0.0
risk_scalar_max2.00_min0.10_risk_matched,risk_scalar_bounds,risk_matched,"EWMA volatility-target multiplier clipped to [0.1, 2] with every other control unchanged. Risk budget rescaled to 0.070000 so realised annualised volatility returns to the incumbent's.",retrospective_lever_sensitivity,completed,,reconciled,1990-01-01,2014-12-31,25.005304694826044,0.13189524685750764,0.07718572567461184,1.5895266624546427,1.4889016291562005,2.4014239410781735,1.1133104048113114,-0.11847122445591607,467,1.8498924837444668,16.497485683005603,0.010421436303130022,0.00948913025155786,0.000932306051572164,1808.2504099123767,3179.4099594742606,0.6374551841959624,0.7964111965450026,39.82032806990649,5.1117169008057015,0.5259920430451536,24,0.01999375195251484,0.019863438857852266,0.017411047759432162,0.0,0.0,0.0,0.0,0.0,0.0
signal_cap_1.00_risk_matched,signal_cap,risk_matched,Basis-momentum normalisation cap set to 1. Every other control unchanged. Risk budget rescaled to 0.070282 so realised annualised volatility returns to the incumbent's.,retrospective_lever_sensitivity,completed,,reconciled,1990-01-01,2014-12-31,25.005304694826044,0.13448904629764136,0.07734447039664075,1.6150266389937402,1.4991612253021784,2.447088520784143,1.0696847993759488,-0.12572773435324303,471,1.8687906330344106,18.619678801053407,0.0103103262327342,0.00931779720510409,0.0009925290276301105,1996.992372124863,3360.871074479737,0.6272782253548469,0.8303298485538501,33.85451479380653,5.220196978955966,0.5062829329370871,22,0.01999375195251484,0.019863438857852266,0.01916898410940203,0.002593799440133715,0.025499976539097524,0.0001587447220289112,-0.007256509897326957,-0.00011111007039582219,0.10848007815026417
signal_cap_1.50_risk_matched,signal_cap,risk_matched,Basis-momentum normalisation cap set to 1.5. Every other control unchanged. Risk budget rescaled to 0.069946 so realised annualised volatility returns to the incumbent's.,retrospective_lever_sensitivity,completed,,reconciled,1990-01-01,2014-12-31,25.005304694826044,0.13458685587306385,0.07722478272507348,1.6184859273596506,1.5028139922199066,2.4541665526352574,1.040491698550979,-0.1293492836708776,467,1.8847155557123076,17.61358474087749,0.010372248989648563,0.009410010532149645,0.0009622384574989202,1928.704426067908,3317.6660470974807,0.6323735740865003,0.8136354397880852,37.00275946650314,5.198788875402893,0.5086278758531904,23,0.01999375195251484,0.019863438857852266,0.01916898410940203,0.0026916090155562067,0.028959264905007887,3.905705046164387e-05,-0.010878059214961544,-4.918731348145869e-05,0.08707197459719129
risk_managed_cap_1.00_risk_matched,risk_managed_cap,risk_matched,Forecast volatility-weight cap set to 1. Every other control unchanged. Risk budget rescaled to 0.069554 so realised annualised volatility returns to the incumbent's.,retrospective_lever_sensitivity,completed,,reconciled,1990-01-01,2014-12-31,25.005304694826044,0.12716314259282435,0.07722735423745607,1.5362727214319338,1.438667327708823,2.326079117093715,1.123152097097965,-0.11321987727342753,507,1.8291888464246597,16.162039783454418,0.009964247100824716,0.009081780186090928,0.0008824669147337859,1673.874773822563,2951.0633888280395,0.6380762909782891,0.9388073598650352,39.05028361183505,5.11547777260519,0.5261988048783114,14,0.01999375195251484,0.019700214132762312,0.018223573151920445,-0.00473210426468329,-0.05325394102270886,4.162856284423144e-05,0.005251347182488542,-0.0004571892023053064,0.0037608717994883634
risk_managed_cap_1.50_risk_matched,risk_managed_cap,risk_matched,Forecast volatility-weight cap set to 1.5. Every other control unchanged. Risk budget rescaled to 0.069735 so realised annualised volatility returns to the incumbent's.,retrospective_lever_sensitivity,completed,,reconciled,1990-01-01,2014-12-31,25.005304694826044,0.13161466452314685,0.07724724774587703,1.5852193455280095,1.477230815207745,2.3951788052748944,1.1250920857398017,-0.11698123752830769,471,1.8648980065218068,16.532724243797265,0.010256659245344116,0.009336811229344969,0.0009198480159991476,1796.0889947973712,3152.9268778751366,0.6370815853076929,0.8311566084955819,39.64678828759773,5.255085309105624,0.5076461786442659,20,0.01999375195251484,0.019863438857852266,0.016994894216870757,-0.0002805823343607905,-0.00430731692663322,6.152207126519649e-05,0.0014899869276083777,-0.0001647770577859059,0.14336840829992248
shock_floor_0.25_risk_matched,shock_floor,risk_matched,Volatility-shock taper floor set to 0.25. Every other control unchanged. Risk budget rescaled to 0.069914 so realised annualised volatility returns to the incumbent's.,retrospective_lever_sensitivity,completed,,reconciled,1990-01-01,2014-12-31,25.005304694826044,0.13365701375409422,0.07703277738954381,1.612042936272804,1.5109142311034653,2.4371647932459948,1.1709986063996192,-0.11413934484946942,459,1.8532594815589432,16.62491858903257,0.010460984889209709,0.009514837234169276,0.0009461476550404325,1879.498700438116,3281.501838992333,0.6358266801023177,0.7976206486810096,39.83427870611682,5.200660256498882,0.5270478925970279,24,0.01999375195251484,0.019863438857852266,0.018115281858104553,0.0017617668965865807,0.022516273818161237,-0.00015294828506802471,0.004331879606446654,3.954858607968688e-05,0.08894335569318024
shock_floor_0.50_risk_matched,shock_floor,risk_matched,Volatility-shock taper floor set to 0.5. Every other control unchanged. Risk budget rescaled to 0.069903 so realised annualised volatility returns to the incumbent's.,retrospective_lever_sensitivity,completed,,reconciled,1990-01-01,2014-12-31,25.005304694826044,0.1322895768067487,0.07709747927233977,1.595624889454273,1.498200806483485,2.4102404658569703,1.1150766518507846,-0.11863720452506721,467,1.8405191972643622,16.492124629254782,0.010444421061166807,0.009507212092003054,0.0009372089691637524,1831.4931144578313,3213.3339069003287,0.6369562114411685,0.7969217652315831,39.811896366702435,5.14861681418033,0.5226225687324333,24,0.01999375195251484,0.019863438857852266,0.018024939178976997,0.0003943299492410457,0.006098226999630363,-8.824640227206304e-05,-0.00016598006915113928,2.2984758036784583e-05,0.03689991337462839
max_gross_notional_multiple_3.00_risk_matched,max_gross_notional_multiple,risk_matched,Gross-notional multiple limited to 3 of NAV. Every other control unchanged. Risk budget rescaled to 0.075477 so realised annualised volatility returns to the incumbent's.,retrospective_lever_sensitivity,completed,,reconciled,1990-01-01,2014-12-31,25.005304694826044,0.12252486732134749,0.07688962388166636,1.4908761794523853,1.378178165891795,2.2224234439317305,0.861182085562789,-0.14227521609588123,533,1.900682834606302,15.01675932246434,0.010168794842549634,0.00935760079111004,0.0008111940514395935,1490.0933888280395,2660.1495377875135,0.6409623689080814,0.9957449261214898,38.82814655833206,3.1684867809567163,0.5106439966985432,166,0.01999375195251484,0.0198226395409494,0.016088220334811835,-0.009370379536160156,-0.09865048300225743,-0.0002961017929454801,-0.02380399163996516,-0.0002526414605803877,-1.9432301198489852
max_gross_notional_multiple_4.00_risk_matched,max_gross_notional_multiple,risk_matched,Gross-notional multiple limited to 4 of NAV. Every other control unchanged. Risk budget rescaled to 0.070440 so realised annualised volatility returns to the incumbent's.,retrospective_lever_sensitivity,completed,,reconciled,1990-01-01,2014-12-31,25.005304694826044,0.1318404338403949,0.07763800568590609,1.580113408168704,1.4756929503268694,2.3884227878271806,1.0779636281939036,-0.12230508561897369,475,1.8847923000174651,16.590522591185966,0.010405500922825089,0.009498595017197955,0.0009069059056271371,1760.4848518619933,3137.8851276013143,0.6405978194291314,0.8379078505990624,39.72803924574582,4.242157295550012,0.5313670245705334,53,0.01999375195251484,0.019863438857852266,0.01830609600742766,-5.481301711274256e-05,-0.009413254285938644,0.00045228001129425655,-0.003833861163057617,-1.5935380304933286e-05,-0.8695596052556898
