Episode,Symbol,Contribution
2008-07-03 to 2009-06-11,HO,-0.010988627248767575
2008-07-03 to 2009-06-11,PL,-0.010105450279200791
2008-07-03 to 2009-06-11,GAS,-0.009068457608500722
2008-07-03 to 2009-06-11,6B,-0.008510387918850594
2008-07-03 to 2009-06-11,RB,-0.007279546903813246
2008-07-03 to 2009-06-11,BRN,-0.0071160223963932226
2008-07-03 to 2009-06-11,6A,-0.006753021047380322
2008-07-03 to 2009-06-11,6E,-0.006650520565074782
2008-07-03 to 2009-06-11,NG,-0.006374238243310488
2008-07-03 to 2009-06-11,6N,-0.0063119720223683146
2008-07-03 to 2009-06-11,ZS,-0.005738535049868515
2008-07-03 to 2009-06-11,FGBS,-0.005571707413508946
2008-07-03 to 2009-06-11,CC,-0.005530752833309336
2008-07-03 to 2009-06-11,6S,-0.005411180506579376
2008-07-03 to 2009-06-11,CL,-0.005275208906584216
2008-07-03 to 2009-06-11,HTW,-0.005181912172912175
2008-07-03 to 2009-06-11,FGBM,-0.0050414090729877185
2008-07-03 to 2009-06-11,6C,-0.004750885828760243
2008-07-03 to 2009-06-11,FGBX,-0.004638840531383847
2008-07-03 to 2009-06-11,ZC,-0.004335956146689526
2008-07-03 to 2009-06-11,PA,-0.004174693940033873
2008-07-03 to 2009-06-11,SI,-0.004060905572595078
2008-07-03 to 2009-06-11,HG,-0.003967612120186221
2008-07-03 to 2009-06-11,KC,-0.0038153779584082404
2008-07-03 to 2009-06-11,SXF,-0.00339185508451766
2008-07-03 to 2009-06-11,GC,-0.0028179753037189657
2008-07-03 to 2009-06-11,6M,-0.002760165682098214
2008-07-03 to 2009-06-11,SB,-0.0027489802667231443
2008-07-03 to 2009-06-11,FGBL,-0.0022724728164875466
2008-07-03 to 2009-06-11,RS,-0.002117654408276242
2008-07-03 to 2009-06-11,ZL,-0.0014193910250160989
2008-07-03 to 2009-06-11,ZW,-0.0012410320872824996
2008-07-03 to 2009-06-11,GF,-0.0011014122937732008
2008-07-03 to 2009-06-11,KE,-0.0010957132699665768
2008-07-03 to 2009-06-11,6J,-0.0006982074838524885
2008-07-03 to 2009-06-11,ZM,6.694107308151485e-05
2008-07-03 to 2009-06-11,RTY,0.0004120412409417095
2008-07-03 to 2009-06-11,CGB,0.0005905076413458521
2008-07-03 to 2009-06-11,YM,0.0006103257854295022
2008-07-03 to 2009-06-11,FDAX,0.0006289550606465182
2008-07-03 to 2009-06-11,LFT,0.0006351507857971703
2008-07-03 to 2009-06-11,ZB,0.0007816650795131646
2008-07-03 to 2009-06-11,FESX,0.0008696484798004637
2008-07-03 to 2009-06-11,EMD,0.0009059753386818629
2008-07-03 to 2009-06-11,SNK,0.000987007388368202
2008-07-03 to 2009-06-11,ES,0.0011150767721123918
2008-07-03 to 2009-06-11,NKD,0.0014553843098395276
2008-07-03 to 2009-06-11,ZT,0.001597091644955004
2008-07-03 to 2009-06-11,FCE,0.001686795037653923
2008-07-03 to 2009-06-11,NQ,0.0019412122194682484
2008-07-03 to 2009-06-11,SJB,0.0020999444985067895
2008-07-03 to 2009-06-11,ZN,0.002109235178085562
2008-07-03 to 2009-06-11,YAP,0.0022491800299764483
2008-07-03 to 2009-06-11,CT,0.002349846193747532
2008-07-03 to 2009-06-11,ZF,0.0025541640314820356
2008-07-03 to 2009-06-11,FSMI,0.0031119617245013304
2008-07-03 to 2009-06-11,HE,0.004099974117359139
2008-07-03 to 2009-06-11,LLG,0.0046761236248569924
2008-07-03 to 2009-06-11,LE,0.0072637989728040414
1994-01-14 to 1994-04-22,LLG,-0.013141786609160462
1994-01-14 to 1994-04-22,ZB,-0.012733976252854015
1994-01-14 to 1994-04-22,ZW,-0.011730378008936464
1994-01-14 to 1994-04-22,ZC,-0.011309333419466465
1994-01-14 to 1994-04-22,KE,-0.011207817847437884
1994-01-14 to 1994-04-22,ZN,-0.010637420800006361
1994-01-14 to 1994-04-22,ZF,-0.009118823393178075
1994-01-14 to 1994-04-22,CL,-0.007978324507685744
1994-01-14 to 1994-04-22,BRN,-0.006628050203864996
1994-01-14 to 1994-04-22,ZS,-0.006555795178673785
1994-01-14 to 1994-04-22,HO,-0.006192410026976739
1994-01-14 to 1994-04-22,ZM,-0.005809489339219767
1994-01-14 to 1994-04-22,ZL,-0.005278499719286472
1994-01-14 to 1994-04-22,GC,-0.0046397672911891235
1994-01-14 to 1994-04-22,HG,-0.003568974405254714
1994-01-14 to 1994-04-22,YAP,-0.0031729495033062526
1994-01-14 to 1994-04-22,HE,-0.002967117285333516
1994-01-14 to 1994-04-22,SB,-0.0025134723385127457
1994-01-14 to 1994-04-22,6B,-0.002024556520497678
1994-01-14 to 1994-04-22,ZT,-0.0017837211565870101
1994-01-14 to 1994-04-22,GAS,-0.001658488028122903
1994-01-14 to 1994-04-22,SI,-0.0006665309951470522
1994-01-14 to 1994-04-22,GF,-4.2367244462273635e-05
1994-01-14 to 1994-04-22,LFT,0.0
1994-01-14 to 1994-04-22,PA,0.0
1994-01-14 to 1994-04-22,RB,0.0
1994-01-14 to 1994-04-22,SJB,0.0
1994-01-14 to 1994-04-22,SXF,0.0
1994-01-14 to 1994-04-22,YM,0.0
1994-01-14 to 1994-04-22,NQ,0.0
1994-01-14 to 1994-04-22,RTY,0.0
1994-01-14 to 1994-04-22,6A,0.0
1994-01-14 to 1994-04-22,ES,0.0
1994-01-14 to 1994-04-22,6E,0.0
1994-01-14 to 1994-04-22,6J,0.0
1994-01-14 to 1994-04-22,6M,0.0
1994-01-14 to 1994-04-22,6N,0.0
1994-01-14 to 1994-04-22,CGB,0.0
1994-01-14 to 1994-04-22,EMD,0.0
1994-01-14 to 1994-04-22,FCE,0.0
1994-01-14 to 1994-04-22,FDAX,0.0
1994-01-14 to 1994-04-22,FESX,0.0
1994-01-14 to 1994-04-22,HTW,0.0
1994-01-14 to 1994-04-22,FGBL,0.0
1994-01-14 to 1994-04-22,FGBM,0.0
1994-01-14 to 1994-04-22,FGBS,0.0
1994-01-14 to 1994-04-22,FGBX,0.0
1994-01-14 to 1994-04-22,FSMI,0.0
1994-01-14 to 1994-04-22,NKD,0.00035454236223912846
1994-01-14 to 1994-04-22,6S,0.000365748682207759
1994-01-14 to 1994-04-22,SNK,0.0004956714090946909
1994-01-14 to 1994-04-22,NG,0.0007709076449523009
1994-01-14 to 1994-04-22,PL,0.0017444962255135977
1994-01-14 to 1994-04-22,CC,0.0020195073567020995
1994-01-14 to 1994-04-22,KC,0.003440500564160036
1994-01-14 to 1994-04-22,LE,0.003683413533881534
1994-01-14 to 1994-04-22,6C,0.00588485566888395
1994-01-14 to 1994-04-22,RS,0.008371815867244913
1994-01-14 to 1994-04-22,CT,0.011035097695667944
2011-05-02 to 2012-11-15,ZS,-0.021554923298275963
2011-05-02 to 2012-11-15,CL,-0.019487099571475423
2011-05-02 to 2012-11-15,6B,-0.016823844264016046
2011-05-02 to 2012-11-15,FCE,-0.009810319678072145
2011-05-02 to 2012-11-15,HO,-0.009710306863092181
2011-05-02 to 2012-11-15,PL,-0.0095105738472086
2011-05-02 to 2012-11-15,6A,-0.008395742004626991
2011-05-02 to 2012-11-15,6C,-0.008023316284165487
2011-05-02 to 2012-11-15,SI,-0.0075555944827671185
2011-05-02 to 2012-11-15,SNK,-0.0072698163640718075
2011-05-02 to 2012-11-15,HG,-0.007135685299318824
2011-05-02 to 2012-11-15,ZM,-0.006596164116247459
2011-05-02 to 2012-11-15,KE,-0.006444134895806875
2011-05-02 to 2012-11-15,SXF,-0.006397699014213522
2011-05-02 to 2012-11-15,GAS,-0.006377481036578746
2011-05-02 to 2012-11-15,RTY,-0.006215448275775911
2011-05-02 to 2012-11-15,NKD,-0.006021935424861051
2011-05-02 to 2012-11-15,HTW,-0.00595250834158866
2011-05-02 to 2012-11-15,6E,-0.005801417395199919
2011-05-02 to 2012-11-15,BRN,-0.00551317426523232
2011-05-02 to 2012-11-15,CC,-0.005495700203433643
2011-05-02 to 2012-11-15,EMD,-0.00520902105160141
2011-05-02 to 2012-11-15,6M,-0.005173426521453313
2011-05-02 to 2012-11-15,LE,-0.004505592112250401
2011-05-02 to 2012-11-15,ZW,-0.004194524686629117
2011-05-02 to 2012-11-15,SB,-0.004112677577603883
2011-05-02 to 2012-11-15,ZC,-0.0038933156617873017
2011-05-02 to 2012-11-15,PA,-0.0028014451716095934
2011-05-02 to 2012-11-15,NQ,-0.0027305542883077454
2011-05-02 to 2012-11-15,6N,-0.002316606100182513
2011-05-02 to 2012-11-15,ES,-0.0022396594494536663
2011-05-02 to 2012-11-15,FESX,-0.0021186998384463986
2011-05-02 to 2012-11-15,FDAX,-0.0018311662565596164
2011-05-02 to 2012-11-15,FGBS,-0.0013261075488761934
2011-05-02 to 2012-11-15,LFT,-0.0009485961101536296
2011-05-02 to 2012-11-15,FSMI,-0.0007725180568012971
2011-05-02 to 2012-11-15,ZL,-2.600934588315852e-05
2011-05-02 to 2012-11-15,ZT,2.2539975014739735e-06
2011-05-02 to 2012-11-15,YAP,0.0003721451221739569
2011-05-02 to 2012-11-15,YM,0.0009785156167920052
2011-05-02 to 2012-11-15,GC,0.0010449285623430685
2011-05-02 to 2012-11-15,CT,0.0024054866455586036
2011-05-02 to 2012-11-15,SJB,0.0041559271500940164
2011-05-02 to 2012-11-15,ZF,0.004256893190433879
2011-05-02 to 2012-11-15,GF,0.00476381516548686
2011-05-02 to 2012-11-15,6S,0.004870742815527411
2011-05-02 to 2012-11-15,NG,0.004906647587296521
2011-05-02 to 2012-11-15,RB,0.005203564455994003
2011-05-02 to 2012-11-15,6J,0.006145357681906011
2011-05-02 to 2012-11-15,FGBM,0.006953821040011736
2011-05-02 to 2012-11-15,RS,0.007638318689560029
2011-05-02 to 2012-11-15,KC,0.008525590532078943
2011-05-02 to 2012-11-15,HE,0.008575637893821366
2011-05-02 to 2012-11-15,ZB,0.009140546381980256
2011-05-02 to 2012-11-15,CGB,0.00926182478840594
2011-05-02 to 2012-11-15,ZN,0.009675809204362838
2011-05-02 to 2012-11-15,FGBL,0.010828157011608032
2011-05-02 to 2012-11-15,FGBX,0.011278644499483554
2011-05-02 to 2012-11-15,LLG,0.013199939979711202
2006-04-27 to 2006-12-01,SB,-0.010169270974716626
2006-04-27 to 2006-12-01,ZB,-0.007346944689268662
2006-04-27 to 2006-12-01,ZL,-0.0069046311716903465
2006-04-27 to 2006-12-01,RS,-0.00681232340577291
2006-04-27 to 2006-12-01,ZF,-0.006812312003367683
2006-04-27 to 2006-12-01,ZM,-0.00645397347780819
2006-04-27 to 2006-12-01,CGB,-0.0063442466701493705
2006-04-27 to 2006-12-01,FGBL,-0.006255187897529357
2006-04-27 to 2006-12-01,ZN,-0.005845036205680687
2006-04-27 to 2006-12-01,ZS,-0.005707101582134806
2006-04-27 to 2006-12-01,CC,-0.005360279393346199
2006-04-27 to 2006-12-01,KC,-0.0047667213041203155
2006-04-27 to 2006-12-01,ZC,-0.004677478102566356
2006-04-27 to 2006-12-01,6B,-0.00425323113367619
2006-04-27 to 2006-12-01,ZT,-0.004040827706073022
2006-04-27 to 2006-12-01,FGBM,-0.003520305628503325
2006-04-27 to 2006-12-01,6A,-0.00326720844850884
2006-04-27 to 2006-12-01,ZW,-0.0030915785478956475
2006-04-27 to 2006-12-01,LFT,-0.0025267555092970133
2006-04-27 to 2006-12-01,6E,-0.0023367531233629965
2006-04-27 to 2006-12-01,NKD,-0.002315693809116355
2006-04-27 to 2006-12-01,SNK,-0.0023140496992883584
2006-04-27 to 2006-12-01,FCE,-0.0011611112252159525
2006-04-27 to 2006-12-01,6S,-0.0010628972827757496
2006-04-27 to 2006-12-01,LLG,-0.0009945624261854082
2006-04-27 to 2006-12-01,6M,-0.0009039447861914911
2006-04-27 to 2006-12-01,HG,-0.0008846498962229654
2006-04-27 to 2006-12-01,PA,-0.0008246990717099183
2006-04-27 to 2006-12-01,SJB,-0.0007462205057182028
2006-04-27 to 2006-12-01,SI,-0.0005836655161708726
2006-04-27 to 2006-12-01,FGBS,-0.0005800980467245611
2006-04-27 to 2006-12-01,FESX,-0.0005531368063713149
2006-04-27 to 2006-12-01,HE,-0.0003199824618950735
2006-04-27 to 2006-12-01,NG,-0.00029412273461562036
2006-04-27 to 2006-12-01,6C,-0.00025425325153037223
2006-04-27 to 2006-12-01,NQ,-0.0002330217674622701
2006-04-27 to 2006-12-01,FGBX,-2.2623369056789615e-05
2006-04-27 to 2006-12-01,YM,0.0
2006-04-27 to 2006-12-01,6N,0.0
2006-04-27 to 2006-12-01,SXF,0.0
2006-04-27 to 2006-12-01,RTY,0.0
2006-04-27 to 2006-12-01,FDAX,0.0
2006-04-27 to 2006-12-01,RB,0.0
2006-04-27 to 2006-12-01,PL,0.0
2006-04-27 to 2006-12-01,GC,0.0
2006-04-27 to 2006-12-01,ES,0.0
2006-04-27 to 2006-12-01,EMD,0.0
2006-04-27 to 2006-12-01,FSMI,0.00015883002400859144
2006-04-27 to 2006-12-01,BRN,0.00016950070861708146
2006-04-27 to 2006-12-01,KE,0.00035660762692402793
2006-04-27 to 2006-12-01,YAP,0.0008158951029143375
2006-04-27 to 2006-12-01,6J,0.0018094347692567023
2006-04-27 to 2006-12-01,LE,0.002719002851586273
2006-04-27 to 2006-12-01,HTW,0.0035086785235875647
2006-04-27 to 2006-12-01,GAS,0.004054377185457637
2006-04-27 to 2006-12-01,HO,0.005527660905660285
2006-04-27 to 2006-12-01,CT,0.00562355781805031
2006-04-27 to 2006-12-01,GF,0.005937127389126181
2006-04-27 to 2006-12-01,CL,0.007269375616983294
1992-01-09 to 1992-03-13,ZF,-0.01683321282648741
1992-01-09 to 1992-03-13,ZN,-0.011179536900334412
1992-01-09 to 1992-03-13,ZB,-0.010242626622558414
1992-01-09 to 1992-03-13,LLG,-0.009257663958755599
1992-01-09 to 1992-03-13,6J,-0.00901375242179878
1992-01-09 to 1992-03-13,LE,-0.008987559181482894
1992-01-09 to 1992-03-13,6C,-0.008396862386619793
1992-01-09 to 1992-03-13,BRN,-0.008299867559630757
1992-01-09 to 1992-03-13,ZT,-0.00770003645581442
1992-01-09 to 1992-03-13,ZL,-0.007431944427404299
1992-01-09 to 1992-03-13,HG,-0.005856302795180515
1992-01-09 to 1992-03-13,ZC,-0.005450969378893604
1992-01-09 to 1992-03-13,YAP,-0.0040192470913970445
1992-01-09 to 1992-03-13,HO,-0.003206659925497401
1992-01-09 to 1992-03-13,SB,-0.002611161477637656
1992-01-09 to 1992-03-13,ZS,-0.0025303318369977257
1992-01-09 to 1992-03-13,CL,-0.002146736141316161
1992-01-09 to 1992-03-13,HE,-0.0012483349327743146
1992-01-09 to 1992-03-13,SI,-0.0009406276371229735
1992-01-09 to 1992-03-13,ZM,-0.0005124686425918767
1992-01-09 to 1992-03-13,LFT,0.0
1992-01-09 to 1992-03-13,NQ,0.0
1992-01-09 to 1992-03-13,6A,0.0
1992-01-09 to 1992-03-13,PL,0.0
1992-01-09 to 1992-03-13,RB,0.0
1992-01-09 to 1992-03-13,RS,0.0
1992-01-09 to 1992-03-13,RTY,0.0
1992-01-09 to 1992-03-13,SXF,0.0
1992-01-09 to 1992-03-13,YM,0.0
1992-01-09 to 1992-03-13,PA,0.0
1992-01-09 to 1992-03-13,SJB,0.0
1992-01-09 to 1992-03-13,HTW,0.0
1992-01-09 to 1992-03-13,FCE,0.0
1992-01-09 to 1992-03-13,CGB,0.0
1992-01-09 to 1992-03-13,6S,0.0
1992-01-09 to 1992-03-13,FDAX,0.0
1992-01-09 to 1992-03-13,FESX,0.0
1992-01-09 to 1992-03-13,FGBL,0.0
1992-01-09 to 1992-03-13,FGBM,0.0
1992-01-09 to 1992-03-13,ES,0.0
1992-01-09 to 1992-03-13,FGBS,0.0
1992-01-09 to 1992-03-13,FSMI,0.0
1992-01-09 to 1992-03-13,6N,0.0
1992-01-09 to 1992-03-13,6M,0.0
1992-01-09 to 1992-03-13,6E,0.0
1992-01-09 to 1992-03-13,FGBX,0.0
1992-01-09 to 1992-03-13,EMD,0.0
1992-01-09 to 1992-03-13,6B,4.8107437055412835e-05
1992-01-09 to 1992-03-13,GC,0.0005158994141357679
1992-01-09 to 1992-03-13,ZW,0.0013698025817092717
1992-01-09 to 1992-03-13,KE,0.0016416881140979087
1992-01-09 to 1992-03-13,NG,0.003525287844745015
1992-01-09 to 1992-03-13,GAS,0.004145874475366207
1992-01-09 to 1992-03-13,GF,0.004809124046950558
1992-01-09 to 1992-03-13,NKD,0.005018281719980744
1992-01-09 to 1992-03-13,SNK,0.006293293937869483
1992-01-09 to 1992-03-13,CC,0.007554107307369359
1992-01-09 to 1992-03-13,KC,0.007827961548852902
1992-01-09 to 1992-03-13,CT,0.009659916909942228
2007-06-21 to 2007-08-16,6J,-0.008304146550553119
2007-06-21 to 2007-08-16,FGBS,-0.007313742178568563
2007-06-21 to 2007-08-16,ZT,-0.0062932208754400715
2007-06-21 to 2007-08-16,FGBM,-0.005877847930533886
2007-06-21 to 2007-08-16,LLG,-0.00529646016519632
2007-06-21 to 2007-08-16,FGBX,-0.004916066630340776
2007-06-21 to 2007-08-16,FGBL,-0.004906287781500323
2007-06-21 to 2007-08-16,6S,-0.004389122077555443
2007-06-21 to 2007-08-16,ZC,-0.0035513402766295305
2007-06-21 to 2007-08-16,6N,-0.0032514985073916454
2007-06-21 to 2007-08-16,6A,-0.0031250688546975926
2007-06-21 to 2007-08-16,CGB,-0.0029247777382003974
2007-06-21 to 2007-08-16,RB,-0.0025881120747977067
2007-06-21 to 2007-08-16,LE,-0.0024166681237808127
2007-06-21 to 2007-08-16,ZF,-0.002102336942959501
2007-06-21 to 2007-08-16,SNK,-0.0018088820667382154
2007-06-21 to 2007-08-16,6E,-0.0017664090810107767
2007-06-21 to 2007-08-16,EMD,-0.0017236304510556046
2007-06-21 to 2007-08-16,6B,-0.001527258889565758
2007-06-21 to 2007-08-16,ES,-0.0015057247112454956
2007-06-21 to 2007-08-16,ZS,-0.0014687779473743585
2007-06-21 to 2007-08-16,CL,-0.001455035243650533
2007-06-21 to 2007-08-16,6C,-0.001153964214314361
2007-06-21 to 2007-08-16,PL,-0.0009280192151738078
2007-06-21 to 2007-08-16,HTW,-0.0008130798527337228
2007-06-21 to 2007-08-16,SXF,-0.0007438958340663693
2007-06-21 to 2007-08-16,FESX,-0.0006996204123203565
2007-06-21 to 2007-08-16,YAP,-0.0006677266561910884
2007-06-21 to 2007-08-16,YM,-0.0006498419934426045
2007-06-21 to 2007-08-16,NQ,-0.000646991078670393
2007-06-21 to 2007-08-16,CC,-0.0005126696785966595
2007-06-21 to 2007-08-16,RS,-0.000459627870076231
2007-06-21 to 2007-08-16,HG,-0.0004159550461973925
2007-06-21 to 2007-08-16,RTY,-0.00038842302176136803
2007-06-21 to 2007-08-16,PA,-0.00035569083979497426
2007-06-21 to 2007-08-16,GAS,-0.00014259333970848286
2007-06-21 to 2007-08-16,CT,-0.00011980769597330133
2007-06-21 to 2007-08-16,6M,-6.077608219877706e-05
2007-06-21 to 2007-08-16,ZL,0.0
2007-06-21 to 2007-08-16,SI,0.0
2007-06-21 to 2007-08-16,FCE,0.0
2007-06-21 to 2007-08-16,FDAX,0.0
2007-06-21 to 2007-08-16,LFT,0.0
2007-06-21 to 2007-08-16,FSMI,0.0
2007-06-21 to 2007-08-16,ZN,0.0
2007-06-21 to 2007-08-16,ZM,1.597123304720641e-05
2007-06-21 to 2007-08-16,NKD,0.00016305128118253062
2007-06-21 to 2007-08-16,ZB,0.000237566861803161
2007-06-21 to 2007-08-16,KC,0.00024358365703867468
2007-06-21 to 2007-08-16,HO,0.000275515568391915
2007-06-21 to 2007-08-16,HE,0.0005768312063885439
2007-06-21 to 2007-08-16,SB,0.0006868051974431074
2007-06-21 to 2007-08-16,BRN,0.0008978654749537533
2007-06-21 to 2007-08-16,KE,0.000982957097843986
2007-06-21 to 2007-08-16,GC,0.0010696017688742478
2007-06-21 to 2007-08-16,SJB,0.0016566724067867901
2007-06-21 to 2007-08-16,ZW,0.002344832134008251
2007-06-21 to 2007-08-16,NG,0.002585469516104261
2007-06-21 to 2007-08-16,GF,0.0031585515787383154
1996-10-09 to 1996-11-04,6B,-0.009015436338509162
1996-10-09 to 1996-11-04,RS,-0.0077018245707596005
1996-10-09 to 1996-11-04,6C,-0.006936797782981098
1996-10-09 to 1996-11-04,ZM,-0.00689547789659438
1996-10-09 to 1996-11-04,6M,-0.005674042329457734
1996-10-09 to 1996-11-04,HO,-0.005461806671432857
1996-10-09 to 1996-11-04,ZW,-0.004575890415736415
1996-10-09 to 1996-11-04,LLG,-0.004456382916866909
1996-10-09 to 1996-11-04,ZS,-0.004288870474401388
1996-10-09 to 1996-11-04,GAS,-0.003796785911680417
1996-10-09 to 1996-11-04,CL,-0.0037711700867982816
1996-10-09 to 1996-11-04,KE,-0.003591112127520693
1996-10-09 to 1996-11-04,ZC,-0.002987169822191524
1996-10-09 to 1996-11-04,LFT,-0.0026811015363392187
1996-10-09 to 1996-11-04,BRN,-0.0022772495400857893
1996-10-09 to 1996-11-04,ZN,-0.0017998958803212086
1996-10-09 to 1996-11-04,ZT,-0.001443627231368067
1996-10-09 to 1996-11-04,ZB,-0.001380664891902369
1996-10-09 to 1996-11-04,SB,-0.0013459909838692999
1996-10-09 to 1996-11-04,ZF,-0.0013169626324125699
1996-10-09 to 1996-11-04,SNK,-0.0013021374846719058
1996-10-09 to 1996-11-04,NKD,-0.0012626339323237089
1996-10-09 to 1996-11-04,HE,-0.001076334314672106
1996-10-09 to 1996-11-04,6A,-0.0005989181890944114
1996-10-09 to 1996-11-04,HG,-0.0003120886415861173
1996-10-09 to 1996-11-04,GF,-0.00020279118398491315
1996-10-09 to 1996-11-04,ES,0.0
1996-10-09 to 1996-11-04,6E,0.0
1996-10-09 to 1996-11-04,6N,0.0
1996-10-09 to 1996-11-04,CGB,0.0
1996-10-09 to 1996-11-04,YM,0.0
1996-10-09 to 1996-11-04,SXF,0.0
1996-10-09 to 1996-11-04,SJB,0.0
1996-10-09 to 1996-11-04,EMD,0.0
1996-10-09 to 1996-11-04,RTY,0.0
1996-10-09 to 1996-11-04,FSMI,0.0
1996-10-09 to 1996-11-04,RB,0.0
1996-10-09 to 1996-11-04,PA,0.0
1996-10-09 to 1996-11-04,HTW,0.0
1996-10-09 to 1996-11-04,FCE,0.0
1996-10-09 to 1996-11-04,FDAX,0.0
1996-10-09 to 1996-11-04,FESX,0.0
1996-10-09 to 1996-11-04,FGBX,0.0
1996-10-09 to 1996-11-04,FGBL,0.0
1996-10-09 to 1996-11-04,NQ,0.0
1996-10-09 to 1996-11-04,FGBS,0.0
1996-10-09 to 1996-11-04,FGBM,0.0
1996-10-09 to 1996-11-04,YAP,5.143068713389106e-05
1996-10-09 to 1996-11-04,LE,0.00017896704910414383
1996-10-09 to 1996-11-04,NG,0.0006268118102571368
1996-10-09 to 1996-11-04,SI,0.0008009867574285944
1996-10-09 to 1996-11-04,PL,0.001043651251428076
1996-10-09 to 1996-11-04,6S,0.0013844957290713872
1996-10-09 to 1996-11-04,CC,0.00141170743799149
1996-10-09 to 1996-11-04,GC,0.0014942885686940893
1996-10-09 to 1996-11-04,KC,0.0016561780699385137
1996-10-09 to 1996-11-04,CT,0.002096940002836584
1996-10-09 to 1996-11-04,ZL,0.002353088661967975
1996-10-09 to 1996-11-04,6J,0.0023611596864930957
2001-11-02 to 2002-03-11,ZB,-0.0066883675455360805
2001-11-02 to 2002-03-11,GF,-0.005851034350518871
2001-11-02 to 2002-03-11,ZN,-0.005831804746604743
2001-11-02 to 2002-03-11,ZF,-0.0055921290329536905
2001-11-02 to 2002-03-11,FGBM,-0.005175274309988136
2001-11-02 to 2002-03-11,FGBS,-0.004754959973355279
2001-11-02 to 2002-03-11,SNK,-0.004461271879998555
2001-11-02 to 2002-03-11,NG,-0.004278511120756164
2001-11-02 to 2002-03-11,BRN,-0.004155108785472148
2001-11-02 to 2002-03-11,CGB,-0.004118742440309943
2001-11-02 to 2002-03-11,ZT,-0.003962587047476952
2001-11-02 to 2002-03-11,SXF,-0.0038292280632272265
2001-11-02 to 2002-03-11,CT,-0.0033511062367354762
2001-11-02 to 2002-03-11,LLG,-0.0027723144215530573
2001-11-02 to 2002-03-11,FDAX,-0.0025039427157882415
2001-11-02 to 2002-03-11,SJB,-0.002313778989616379
2001-11-02 to 2002-03-11,CL,-0.0020078216531876423
2001-11-02 to 2002-03-11,GAS,-0.0016028212768767372
2001-11-02 to 2002-03-11,NQ,-0.0015706094938276814
2001-11-02 to 2002-03-11,HO,-0.001556001233969947
2001-11-02 to 2002-03-11,HTW,-0.0013584694424217689
2001-11-02 to 2002-03-11,6B,-0.0012310800520042937
2001-11-02 to 2002-03-11,HG,-0.0012149286632205875
2001-11-02 to 2002-03-11,FSMI,-0.0011806017727510635
2001-11-02 to 2002-03-11,LE,-0.0010949581059186378
2001-11-02 to 2002-03-11,SB,-0.001085335146731304
2001-11-02 to 2002-03-11,FGBL,-0.0010456282073246339
2001-11-02 to 2002-03-11,KC,-0.0007875014020105699
2001-11-02 to 2002-03-11,SI,-0.0006484374342039646
2001-11-02 to 2002-03-11,YAP,-0.0006394736041911641
2001-11-02 to 2002-03-11,ES,-0.0005545081860966656
2001-11-02 to 2002-03-11,6S,-0.0004955919674140717
2001-11-02 to 2002-03-11,NKD,-0.00039982946109129355
2001-11-02 to 2002-03-11,ZL,-0.00029826949787288266
2001-11-02 to 2002-03-11,LFT,-0.0002800293554630905
2001-11-02 to 2002-03-11,FESX,-0.00026720480903487956
2001-11-02 to 2002-03-11,FCE,-0.00023985023423081004
2001-11-02 to 2002-03-11,6N,0.0
2001-11-02 to 2002-03-11,YM,0.0
2001-11-02 to 2002-03-11,ZS,0.0
2001-11-02 to 2002-03-11,PA,0.0
2001-11-02 to 2002-03-11,PL,0.0
2001-11-02 to 2002-03-11,RB,0.0
2001-11-02 to 2002-03-11,RTY,0.0
2001-11-02 to 2002-03-11,EMD,0.0
2001-11-02 to 2002-03-11,FGBX,0.0
2001-11-02 to 2002-03-11,6E,0.00019651903590981509
2001-11-02 to 2002-03-11,HE,0.00022504606590599031
2001-11-02 to 2002-03-11,RS,0.00028200978513616697
2001-11-02 to 2002-03-11,6C,0.0003327312487627931
2001-11-02 to 2002-03-11,ZM,0.0005033129044453148
2001-11-02 to 2002-03-11,6A,0.0006069011847681477
2001-11-02 to 2002-03-11,6J,0.0010025012221621353
2001-11-02 to 2002-03-11,ZW,0.0010028630234812277
2001-11-02 to 2002-03-11,KE,0.0012549489847770443
2001-11-02 to 2002-03-11,GC,0.00140508089729699
2001-11-02 to 2002-03-11,ZC,0.0018278580617949952
2001-11-02 to 2002-03-11,6M,0.0033814658154855876
2001-11-02 to 2002-03-11,CC,0.010621111074928243
2003-03-11 to 2003-03-21,GAS,-0.007805212099836951
2003-03-11 to 2003-03-21,BRN,-0.005126469982831939
2003-03-11 to 2003-03-21,CL,-0.004437301074599723
2003-03-11 to 2003-03-21,HO,-0.004119661488519272
2003-03-11 to 2003-03-21,ZN,-0.002868607617936901
2003-03-11 to 2003-03-21,ZF,-0.002824829580155089
2003-03-11 to 2003-03-21,CGB,-0.002824165759071565
2003-03-11 to 2003-03-21,6E,-0.0028081861430089483
2003-03-11 to 2003-03-21,FGBS,-0.002755094040529658
2003-03-11 to 2003-03-21,ZB,-0.0025347370907936755
2003-03-11 to 2003-03-21,RTY,-0.002312297195955601
2003-03-11 to 2003-03-21,6S,-0.002265894404803936
2003-03-11 to 2003-03-21,FGBM,-0.0021227195867072877
2003-03-11 to 2003-03-21,ZT,-0.0019841268500735676
2003-03-11 to 2003-03-21,FGBL,-0.0019729976504309302
2003-03-11 to 2003-03-21,6J,-0.0018620623129150075
2003-03-11 to 2003-03-21,6A,-0.0017116373044746276
2003-03-11 to 2003-03-21,FDAX,-0.0015320685923234947
2003-03-11 to 2003-03-21,6C,-0.0014829341371129872
2003-03-11 to 2003-03-21,NQ,-0.0014772606502167812
2003-03-11 to 2003-03-21,6B,-0.0013226255351805227
2003-03-11 to 2003-03-21,ES,-0.0012917948599451517
2003-03-11 to 2003-03-21,ZW,-0.0012795396175486178
2003-03-11 to 2003-03-21,GC,-0.0012727045081175684
2003-03-11 to 2003-03-21,LLG,-0.0010699869722914264
2003-03-11 to 2003-03-21,KE,-0.0010153902591023061
2003-03-11 to 2003-03-21,LFT,-0.0010038062524411976
2003-03-11 to 2003-03-21,6M,-0.0009500657217270161
2003-03-11 to 2003-03-21,RS,-0.0009198298882459209
2003-03-11 to 2003-03-21,YAP,-0.0006607887586619562
2003-03-11 to 2003-03-21,SXF,-0.0006480698034001227
2003-03-11 to 2003-03-21,SNK,-0.0004515063129769361
2003-03-11 to 2003-03-21,GF,-0.0003958064588846464
2003-03-11 to 2003-03-21,HE,-0.00038022671571957025
2003-03-11 to 2003-03-21,SB,-0.000365237231298079
2003-03-11 to 2003-03-21,CC,-9.778160094384155e-05
2003-03-11 to 2003-03-21,ZM,-8.237039273262497e-05
2003-03-11 to 2003-03-21,ZC,0.0
2003-03-11 to 2003-03-21,6N,0.0
2003-03-11 to 2003-03-21,SI,0.0
2003-03-11 to 2003-03-21,YM,0.0
2003-03-11 to 2003-03-21,FGBX,0.0
2003-03-11 to 2003-03-21,RB,0.0
2003-03-11 to 2003-03-21,FSMI,0.0
2003-03-11 to 2003-03-21,PL,0.0
2003-03-11 to 2003-03-21,PA,0.0
2003-03-11 to 2003-03-21,EMD,0.0
2003-03-11 to 2003-03-21,NKD,0.0
2003-03-11 to 2003-03-21,NG,0.0
2003-03-11 to 2003-03-21,FCE,0.0
2003-03-11 to 2003-03-21,FESX,0.0
2003-03-11 to 2003-03-21,CT,0.0
2003-03-11 to 2003-03-21,HTW,0.0
2003-03-11 to 2003-03-21,KC,4.424785441839468e-06
2003-03-11 to 2003-03-21,SJB,9.77143729621096e-06
2003-03-11 to 2003-03-21,LE,0.0004167310165430429
2003-03-11 to 2003-03-21,HG,0.0006901481838254221
2003-03-11 to 2003-03-21,ZS,0.0007315598565048202
2003-03-11 to 2003-03-21,ZL,0.0023333555004737922
1990-08-24 to 1990-08-29,HO,-0.027039631193554365
1990-08-24 to 1990-08-29,GAS,-0.017155114768240547
1990-08-24 to 1990-08-29,BRN,-0.015930146393969048
1990-08-24 to 1990-08-29,CL,-0.005246447966493466
1990-08-24 to 1990-08-29,6S,-0.004730692613882481
1990-08-24 to 1990-08-29,6C,-0.0026320746386456328
1990-08-24 to 1990-08-29,ZB,-0.00233254979025952
1990-08-24 to 1990-08-29,ZL,-0.002264488980526609
1990-08-24 to 1990-08-29,ZF,-0.0020199930996166434
1990-08-24 to 1990-08-29,ZN,-0.0017439972388628836
1990-08-24 to 1990-08-29,LE,-0.0015995399088971729
1990-08-24 to 1990-08-29,ZC,-0.0015757182185003283
1990-08-24 to 1990-08-29,LLG,-0.001225623680054403
1990-08-24 to 1990-08-29,6B,-0.000717646256614345
1990-08-24 to 1990-08-29,CC,-0.0005635777209197784
1990-08-24 to 1990-08-29,YAP,-0.0003351953465065054
1990-08-24 to 1990-08-29,GF,-0.00027090545247665683
1990-08-24 to 1990-08-29,6A,0.0
1990-08-24 to 1990-08-29,NG,0.0
1990-08-24 to 1990-08-29,LFT,0.0
1990-08-24 to 1990-08-29,NKD,0.0
1990-08-24 to 1990-08-29,SXF,0.0
1990-08-24 to 1990-08-29,PA,0.0
1990-08-24 to 1990-08-29,RB,0.0
1990-08-24 to 1990-08-29,RTY,0.0
1990-08-24 to 1990-08-29,SJB,0.0
1990-08-24 to 1990-08-29,SNK,0.0
1990-08-24 to 1990-08-29,YM,0.0
1990-08-24 to 1990-08-29,NQ,0.0
1990-08-24 to 1990-08-29,KE,0.0
1990-08-24 to 1990-08-29,HTW,0.0
1990-08-24 to 1990-08-29,ZT,0.0
1990-08-24 to 1990-08-29,6E,0.0
1990-08-24 to 1990-08-29,6J,0.0
1990-08-24 to 1990-08-29,6M,0.0
1990-08-24 to 1990-08-29,6N,0.0
1990-08-24 to 1990-08-29,CGB,0.0
1990-08-24 to 1990-08-29,EMD,0.0
1990-08-24 to 1990-08-29,ES,0.0
1990-08-24 to 1990-08-29,FCE,0.0
1990-08-24 to 1990-08-29,FDAX,0.0
1990-08-24 to 1990-08-29,KC,0.0
1990-08-24 to 1990-08-29,ZW,0.0
1990-08-24 to 1990-08-29,FGBL,0.0
1990-08-24 to 1990-08-29,FGBM,0.0
1990-08-24 to 1990-08-29,FGBS,0.0
1990-08-24 to 1990-08-29,FGBX,0.0
1990-08-24 to 1990-08-29,FSMI,0.0
1990-08-24 to 1990-08-29,FESX,0.0
1990-08-24 to 1990-08-29,HG,1.5864108550500656e-05
1990-08-24 to 1990-08-29,SB,0.0005410887075290675
1990-08-24 to 1990-08-29,HE,0.0005544476010632808
1990-08-24 to 1990-08-29,SI,0.0013498575295675897
1990-08-24 to 1990-08-29,ZM,0.001701013500819241
1990-08-24 to 1990-08-29,RS,0.0019851623623921184
1990-08-24 to 1990-08-29,ZS,0.0020140246686639347
1990-08-24 to 1990-08-29,CT,0.002502012656731373
1990-08-24 to 1990-08-29,PL,0.004649913975542004
1990-08-24 to 1990-08-29,GC,0.007216130899784969
1998-09-01 to 1998-11-12,6J,-0.008734382058996784
1998-09-01 to 1998-11-12,KE,-0.007380502382292743
1998-09-01 to 1998-11-12,GC,-0.006594727751158373
1998-09-01 to 1998-11-12,ZW,-0.006096372788230627
1998-09-01 to 1998-11-12,ZS,-0.00495302970074013
1998-09-01 to 1998-11-12,6A,-0.004929462154853518
1998-09-01 to 1998-11-12,RS,-0.003957193101489105
1998-09-01 to 1998-11-12,HTW,-0.003919458567152541
1998-09-01 to 1998-11-12,6S,-0.0038316021100495935
1998-09-01 to 1998-11-12,NG,-0.0037834145570724243
1998-09-01 to 1998-11-12,ZM,-0.003662773153915404
1998-09-01 to 1998-11-12,ZC,-0.003643526683106094
1998-09-01 to 1998-11-12,CT,-0.00325774582978757
1998-09-01 to 1998-11-12,LFT,-0.003142555853820733
1998-09-01 to 1998-11-12,YAP,-0.0025419019475306317
1998-09-01 to 1998-11-12,GAS,-0.0025396145920361986
1998-09-01 to 1998-11-12,6M,-0.0023242089523913957
1998-09-01 to 1998-11-12,6C,-0.0014820766636269777
1998-09-01 to 1998-11-12,LE,-0.0014469267556438505
1998-09-01 to 1998-11-12,HO,-0.001381649769625786
1998-09-01 to 1998-11-12,SI,-0.0011934271431027804
1998-09-01 to 1998-11-12,ZT,-0.0010124999352572656
1998-09-01 to 1998-11-12,ZN,-0.0009468671893547312
1998-09-01 to 1998-11-12,SB,-0.0007972408405633661
1998-09-01 to 1998-11-12,CL,-0.0007940705788138266
1998-09-01 to 1998-11-12,HG,-0.0002488057287320087
1998-09-01 to 1998-11-12,ZL,-0.0002121851856213342
1998-09-01 to 1998-11-12,KC,-0.00010840468077114566
1998-09-01 to 1998-11-12,RTY,0.0
1998-09-01 to 1998-11-12,SJB,0.0
1998-09-01 to 1998-11-12,FGBM,0.0
1998-09-01 to 1998-11-12,SNK,0.0
1998-09-01 to 1998-11-12,SXF,0.0
1998-09-01 to 1998-11-12,YM,0.0
1998-09-01 to 1998-11-12,ZB,0.0
1998-09-01 to 1998-11-12,ZF,0.0
1998-09-01 to 1998-11-12,RB,0.0
1998-09-01 to 1998-11-12,FGBL,0.0
1998-09-01 to 1998-11-12,PA,0.0
1998-09-01 to 1998-11-12,6N,0.0
1998-09-01 to 1998-11-12,NKD,0.0
1998-09-01 to 1998-11-12,EMD,0.0
1998-09-01 to 1998-11-12,FGBS,0.0
1998-09-01 to 1998-11-12,ES,0.0
1998-09-01 to 1998-11-12,FCE,0.0
1998-09-01 to 1998-11-12,FDAX,0.0
1998-09-01 to 1998-11-12,FGBX,0.0
1998-09-01 to 1998-11-12,NQ,0.0
1998-09-01 to 1998-11-12,6E,0.0
1998-09-01 to 1998-11-12,FESX,0.0
1998-09-01 to 1998-11-12,FSMI,0.0
1998-09-01 to 1998-11-12,HE,0.00011388182109198916
1998-09-01 to 1998-11-12,PL,0.0001802924348720638
1998-09-01 to 1998-11-12,BRN,0.00048008665176184156
1998-09-01 to 1998-11-12,6B,0.0004958440177979409
1998-09-01 to 1998-11-12,GF,0.0013556652907813832
1998-09-01 to 1998-11-12,CC,0.003716733449554671
1998-09-01 to 1998-11-12,LLG,0.004467128273254366
1998-09-01 to 1998-11-12,CGB,0.010978846240386976
1996-04-29 to 1996-07-31,ZC,-0.009647194410230703
1996-04-29 to 1996-07-31,ZW,-0.00854958577189108
1996-04-29 to 1996-07-31,GF,-0.007502488516670342
1996-04-29 to 1996-07-31,KE,-0.007265498178476331
1996-04-29 to 1996-07-31,SNK,-0.006777006338912495
1996-04-29 to 1996-07-31,6S,-0.005607091667249263
1996-04-29 to 1996-07-31,CC,-0.004907189609385998
1996-04-29 to 1996-07-31,6A,-0.004472488952698183
1996-04-29 to 1996-07-31,LE,-0.004043653175212732
1996-04-29 to 1996-07-31,NKD,-0.0036805937797825586
1996-04-29 to 1996-07-31,NG,-0.0036110577927916743
1996-04-29 to 1996-07-31,RS,-0.003260530913878513
1996-04-29 to 1996-07-31,YAP,-0.0028818353426021534
1996-04-29 to 1996-07-31,HG,-0.002778218729357262
1996-04-29 to 1996-07-31,CT,-0.002420963145359262
1996-04-29 to 1996-07-31,LFT,-0.002361571427537703
1996-04-29 to 1996-07-31,ZS,-0.001753927239516409
1996-04-29 to 1996-07-31,6B,-0.0015671520118911222
1996-04-29 to 1996-07-31,ZT,-0.0012552138239596488
1996-04-29 to 1996-07-31,ZN,-0.0012282826747281102
1996-04-29 to 1996-07-31,ZB,-0.0010836770252189735
1996-04-29 to 1996-07-31,ZF,-0.0009833639712880234
1996-04-29 to 1996-07-31,CL,-0.0006443730239358714
1996-04-29 to 1996-07-31,BRN,-0.0001872001675982889
1996-04-29 to 1996-07-31,PL,-1.6722625179547996e-05
1996-04-29 to 1996-07-31,FESX,0.0
1996-04-29 to 1996-07-31,6M,0.0
1996-04-29 to 1996-07-31,CGB,0.0
1996-04-29 to 1996-07-31,EMD,0.0
1996-04-29 to 1996-07-31,ES,0.0
1996-04-29 to 1996-07-31,FCE,0.0
1996-04-29 to 1996-07-31,YM,0.0
1996-04-29 to 1996-07-31,FDAX,0.0
1996-04-29 to 1996-07-31,SXF,0.0
1996-04-29 to 1996-07-31,SJB,0.0
1996-04-29 to 1996-07-31,RTY,0.0
1996-04-29 to 1996-07-31,RB,0.0
1996-04-29 to 1996-07-31,PA,0.0
1996-04-29 to 1996-07-31,HTW,0.0
1996-04-29 to 1996-07-31,FGBL,0.0
1996-04-29 to 1996-07-31,FSMI,0.0
1996-04-29 to 1996-07-31,FGBX,0.0
1996-04-29 to 1996-07-31,KC,0.0
1996-04-29 to 1996-07-31,NQ,0.0
1996-04-29 to 1996-07-31,FGBS,0.0
1996-04-29 to 1996-07-31,6E,0.0
1996-04-29 to 1996-07-31,FGBM,0.0
1996-04-29 to 1996-07-31,6N,0.0
1996-04-29 to 1996-07-31,ZM,0.00032826841648147403
1996-04-29 to 1996-07-31,6J,0.0005925565884566941
1996-04-29 to 1996-07-31,GC,0.0014773334319196695
1996-04-29 to 1996-07-31,SI,0.0014791906423358716
1996-04-29 to 1996-07-31,ZL,0.0015668851085259348
1996-04-29 to 1996-07-31,LLG,0.0019394664205399296
1996-04-29 to 1996-07-31,HO,0.002021249201956365
1996-04-29 to 1996-07-31,GAS,0.003553028207111768
1996-04-29 to 1996-07-31,HE,0.003965388821147485
1996-04-29 to 1996-07-31,6C,0.0043920731364978744
1996-04-29 to 1996-07-31,SB,0.006378097690893795
1991-02-13 to 1991-04-01,6B,-0.011405294467180402
1991-02-13 to 1991-04-01,6S,-0.010924530795010733
1991-02-13 to 1991-04-01,KE,-0.0073839897967442536
1991-02-13 to 1991-04-01,SB,-0.006881343506878827
1991-02-13 to 1991-04-01,6J,-0.006501650805137102
1991-02-13 to 1991-04-01,ZF,-0.004135773176080397
1991-02-13 to 1991-04-01,ZW,-0.004065267558111584
1991-02-13 to 1991-04-01,ZC,-0.0035247806220575512
1991-02-13 to 1991-04-01,RS,-0.0028388922197948906
1991-02-13 to 1991-04-01,ZN,-0.0025614152025393985
1991-02-13 to 1991-04-01,ZS,-0.002099642121964481
1991-02-13 to 1991-04-01,ZM,-0.001852185022126579
1991-02-13 to 1991-04-01,ZB,-0.0017745990506916921
1991-02-13 to 1991-04-01,KC,-0.0017224262750344737
1991-02-13 to 1991-04-01,LLG,-0.0016717541372119609
1991-02-13 to 1991-04-01,PL,-0.001149057993006551
1991-02-13 to 1991-04-01,SI,-0.0009116062707961895
1991-02-13 to 1991-04-01,CL,-0.0005994219009835622
1991-02-13 to 1991-04-01,CC,-0.0004850710785225586
1991-02-13 to 1991-04-01,CT,-0.0004397403964361364
1991-02-13 to 1991-04-01,YAP,-0.0002935770731588533
1991-02-13 to 1991-04-01,HG,-0.00026065750268604673
1991-02-13 to 1991-04-01,NKD,0.0
1991-02-13 to 1991-04-01,NG,0.0
1991-02-13 to 1991-04-01,NQ,0.0
1991-02-13 to 1991-04-01,SNK,0.0
1991-02-13 to 1991-04-01,RB,0.0
1991-02-13 to 1991-04-01,RTY,0.0
1991-02-13 to 1991-04-01,SJB,0.0
1991-02-13 to 1991-04-01,SXF,0.0
1991-02-13 to 1991-04-01,YM,0.0
1991-02-13 to 1991-04-01,PA,0.0
1991-02-13 to 1991-04-01,LFT,0.0
1991-02-13 to 1991-04-01,6A,0.0
1991-02-13 to 1991-04-01,ZT,0.0
1991-02-13 to 1991-04-01,6E,0.0
1991-02-13 to 1991-04-01,6M,0.0
1991-02-13 to 1991-04-01,6N,0.0
1991-02-13 to 1991-04-01,CGB,0.0
1991-02-13 to 1991-04-01,EMD,0.0
1991-02-13 to 1991-04-01,ES,0.0
1991-02-13 to 1991-04-01,FCE,0.0
1991-02-13 to 1991-04-01,FESX,0.0
1991-02-13 to 1991-04-01,FGBL,0.0
1991-02-13 to 1991-04-01,FDAX,0.0
1991-02-13 to 1991-04-01,FGBS,0.0
1991-02-13 to 1991-04-01,FGBX,0.0
1991-02-13 to 1991-04-01,FSMI,0.0
1991-02-13 to 1991-04-01,GAS,0.0
1991-02-13 to 1991-04-01,HO,0.0
1991-02-13 to 1991-04-01,FGBM,0.0
1991-02-13 to 1991-04-01,HTW,0.0
1991-02-13 to 1991-04-01,BRN,9.082949476256099e-05
1991-02-13 to 1991-04-01,6C,0.00034878110237991845
1991-02-13 to 1991-04-01,GC,0.0006944036635095598
1991-02-13 to 1991-04-01,HE,0.0017708195376115708
1991-02-13 to 1991-04-01,ZL,0.0019278999007165645
1991-02-13 to 1991-04-01,GF,0.001994203011923963
1991-02-13 to 1991-04-01,LE,0.006026891409645534
1995-01-09 to 1995-08-21,PL,-0.015712595322600893
1995-01-09 to 1995-08-21,ZF,-0.011343832430721236
1995-01-09 to 1995-08-21,HE,-0.009275948870118293
1995-01-09 to 1995-08-21,SI,-0.008876779517395968
1995-01-09 to 1995-08-21,GAS,-0.008577261355804455
1995-01-09 to 1995-08-21,ZN,-0.007597264344527596
1995-01-09 to 1995-08-21,NKD,-0.005393301863034377
1995-01-09 to 1995-08-21,HO,-0.005368319806078964
1995-01-09 to 1995-08-21,ZM,-0.005228245572248472
1995-01-09 to 1995-08-21,RS,-0.005213511703066338
1995-01-09 to 1995-08-21,ZB,-0.004975536784582457
1995-01-09 to 1995-08-21,CC,-0.004928594221107452
1995-01-09 to 1995-08-21,ZC,-0.0036593692323897407
1995-01-09 to 1995-08-21,ZW,-0.003369703549884235
1995-01-09 to 1995-08-21,SB,-0.0032309317186994912
1995-01-09 to 1995-08-21,GC,-0.001832952519618106
1995-01-09 to 1995-08-21,NG,-0.0008630665151487431
1995-01-09 to 1995-08-21,6A,-0.0007307647397685012
1995-01-09 to 1995-08-21,ZL,-0.0006168593522591463
1995-01-09 to 1995-08-21,ZS,-0.0005561708447949579
1995-01-09 to 1995-08-21,6C,-0.0005391094333311326
1995-01-09 to 1995-08-21,SNK,-0.0004347731813403134
1995-01-09 to 1995-08-21,FGBL,0.0
1995-01-09 to 1995-08-21,CGB,0.0
1995-01-09 to 1995-08-21,RB,0.0
1995-01-09 to 1995-08-21,RTY,0.0
1995-01-09 to 1995-08-21,6S,0.0
1995-01-09 to 1995-08-21,6N,0.0
1995-01-09 to 1995-08-21,SXF,0.0
1995-01-09 to 1995-08-21,FESX,0.0
1995-01-09 to 1995-08-21,YM,0.0
1995-01-09 to 1995-08-21,6M,0.0
1995-01-09 to 1995-08-21,6J,0.0
1995-01-09 to 1995-08-21,6E,0.0
1995-01-09 to 1995-08-21,SJB,0.0
1995-01-09 to 1995-08-21,NQ,0.0
1995-01-09 to 1995-08-21,PA,0.0
1995-01-09 to 1995-08-21,ES,0.0
1995-01-09 to 1995-08-21,FGBM,0.0
1995-01-09 to 1995-08-21,FGBS,0.0
1995-01-09 to 1995-08-21,FGBX,0.0
1995-01-09 to 1995-08-21,FSMI,0.0
1995-01-09 to 1995-08-21,FDAX,0.0
1995-01-09 to 1995-08-21,FCE,0.0
1995-01-09 to 1995-08-21,EMD,0.0
1995-01-09 to 1995-08-21,HTW,0.0
1995-01-09 to 1995-08-21,LFT,0.0
1995-01-09 to 1995-08-21,YAP,0.0006488010375174981
1995-01-09 to 1995-08-21,6B,0.0007450466387147215
1995-01-09 to 1995-08-21,LLG,0.001251674141353483
1995-01-09 to 1995-08-21,KE,0.0015078080930645578
1995-01-09 to 1995-08-21,KC,0.002218724421647894
1995-01-09 to 1995-08-21,HG,0.0034026199531262094
1995-01-09 to 1995-08-21,ZT,0.0036280205814179047
1995-01-09 to 1995-08-21,CL,0.003960393739723395
1995-01-09 to 1995-08-21,LE,0.00431929577452249
1995-01-09 to 1995-08-21,CT,0.00780395575607799
1995-01-09 to 1995-08-21,BRN,0.008439759069418072
1995-01-09 to 1995-08-21,GF,0.011197306679286378
1999-07-12 to 1999-08-05,ZM,-0.007024019262623816
1999-07-12 to 1999-08-05,ZS,-0.006897595621303459
1999-07-12 to 1999-08-05,6S,-0.006513660766506594
1999-07-12 to 1999-08-05,6B,-0.006276289340712789
1999-07-12 to 1999-08-05,NG,-0.006096117324479562
1999-07-12 to 1999-08-05,ZW,-0.005489003300956398
1999-07-12 to 1999-08-05,ZC,-0.004738612053427326
1999-07-12 to 1999-08-05,KE,-0.004160887759034174
1999-07-12 to 1999-08-05,ES,-0.0039965496267961725
1999-07-12 to 1999-08-05,HTW,-0.003786785405605998
1999-07-12 to 1999-08-05,LFT,-0.0035116042791490587
1999-07-12 to 1999-08-05,6C,-0.002402767022445888
1999-07-12 to 1999-08-05,HE,-0.0023092580374854278
1999-07-12 to 1999-08-05,SNK,-0.0017030288607120087
1999-07-12 to 1999-08-05,6A,-0.0016531440361374859
1999-07-12 to 1999-08-05,CT,-0.0013196595018265668
1999-07-12 to 1999-08-05,LE,-0.0011515643491986566
1999-07-12 to 1999-08-05,FCE,-0.0009623262249616551
1999-07-12 to 1999-08-05,NKD,-0.0008798845942818792
1999-07-12 to 1999-08-05,SB,-0.0006614089010408246
1999-07-12 to 1999-08-05,6M,-0.0005441679367589778
1999-07-12 to 1999-08-05,ZT,-0.00045508547585959255
1999-07-12 to 1999-08-05,RS,-0.00011592337390133934
1999-07-12 to 1999-08-05,CC,-4.6334593928715454e-05
1999-07-12 to 1999-08-05,FSMI,0.0
1999-07-12 to 1999-08-05,EMD,0.0
1999-07-12 to 1999-08-05,SJB,0.0
1999-07-12 to 1999-08-05,6E,0.0
1999-07-12 to 1999-08-05,RTY,0.0
1999-07-12 to 1999-08-05,RB,0.0
1999-07-12 to 1999-08-05,PA,0.0
1999-07-12 to 1999-08-05,NQ,0.0
1999-07-12 to 1999-08-05,FDAX,0.0
1999-07-12 to 1999-08-05,FGBX,0.0
1999-07-12 to 1999-08-05,FESX,0.0
1999-07-12 to 1999-08-05,FGBM,0.0
1999-07-12 to 1999-08-05,6N,0.0
1999-07-12 to 1999-08-05,YM,0.0
1999-07-12 to 1999-08-05,SXF,0.0
1999-07-12 to 1999-08-05,FGBS,0.0
1999-07-12 to 1999-08-05,ZL,0.0
1999-07-12 to 1999-08-05,FGBL,0.0
1999-07-12 to 1999-08-05,YAP,0.0
1999-07-12 to 1999-08-05,GAS,0.00016354356259626693
1999-07-12 to 1999-08-05,ZB,0.00021661288838140016
1999-07-12 to 1999-08-05,SI,0.000332265927422558
1999-07-12 to 1999-08-05,PL,0.0003729713638063488
1999-07-12 to 1999-08-05,ZF,0.0003754341148156066
1999-07-12 to 1999-08-05,GC,0.0003906106669069895
1999-07-12 to 1999-08-05,LLG,0.00039399903237423195
1999-07-12 to 1999-08-05,CL,0.0004556183668810871
1999-07-12 to 1999-08-05,ZN,0.0005930853090537933
1999-07-12 to 1999-08-05,GF,0.000593907043634096
1999-07-12 to 1999-08-05,HG,0.0006359905419629829
1999-07-12 to 1999-08-05,KC,0.0006968001378873594
1999-07-12 to 1999-08-05,HO,0.0009016717650193447
1999-07-12 to 1999-08-05,CGB,0.0020192658710265657
1999-07-12 to 1999-08-05,BRN,0.0022768755483526396
1999-07-12 to 1999-08-05,6J,0.003918203384341092
2008-03-17 to 2008-05-02,SI,-0.004672738838073527
2008-03-17 to 2008-05-02,GC,-0.0039303167233129405
2008-03-17 to 2008-05-02,CC,-0.003304678461505952
2008-03-17 to 2008-05-02,NKD,-0.0026789077580019046
2008-03-17 to 2008-05-02,ZT,-0.002201656838809237
2008-03-17 to 2008-05-02,NQ,-0.0021754108286912025
2008-03-17 to 2008-05-02,LLG,-0.0019517465273741772
2008-03-17 to 2008-05-02,KC,-0.0019169955576814656
2008-03-17 to 2008-05-02,SB,-0.0018815673548262897
2008-03-17 to 2008-05-02,6J,-0.0018366584433894078
2008-03-17 to 2008-05-02,ZF,-0.0018053653283362882
2008-03-17 to 2008-05-02,ZS,-0.0017527433688424212
2008-03-17 to 2008-05-02,FDAX,-0.001722422112747661
2008-03-17 to 2008-05-02,ZN,-0.0016980880904106936
2008-03-17 to 2008-05-02,YM,-0.001687047479593462
2008-03-17 to 2008-05-02,ES,-0.0016508646190212407
2008-03-17 to 2008-05-02,6S,-0.0016152610381741286
2008-03-17 to 2008-05-02,ZW,-0.0015831216029044068
2008-03-17 to 2008-05-02,6B,-0.0015539601481977033
2008-03-17 to 2008-05-02,LFT,-0.0015452656915233567
2008-03-17 to 2008-05-02,EMD,-0.0015171406163592158
2008-03-17 to 2008-05-02,KE,-0.0014989775076937385
2008-03-17 to 2008-05-02,YAP,-0.0014639884160712652
2008-03-17 to 2008-05-02,FCE,-0.0012950567228077765
2008-03-17 to 2008-05-02,PL,-0.0012817379513363392
2008-03-17 to 2008-05-02,PA,-0.0012314710596184925
2008-03-17 to 2008-05-02,HE,-0.0012230917747730998
2008-03-17 to 2008-05-02,ZB,-0.0011918943057920128
2008-03-17 to 2008-05-02,CT,-0.0011868249897749206
2008-03-17 to 2008-05-02,RS,-0.0010781114217379441
2008-03-17 to 2008-05-02,RTY,-0.001045295877888676
2008-03-17 to 2008-05-02,6C,-0.0009931421022721584
2008-03-17 to 2008-05-02,SNK,-0.0009925109545983583
2008-03-17 to 2008-05-02,6N,-0.0009347779882970372
2008-03-17 to 2008-05-02,ZL,-0.0008160397428299463
2008-03-17 to 2008-05-02,FSMI,-0.0008081864228124253
2008-03-17 to 2008-05-02,CGB,-0.0006889819070339505
2008-03-17 to 2008-05-02,CL,-0.0006488755937176748
2008-03-17 to 2008-05-02,FESX,-0.0006222277343045366
2008-03-17 to 2008-05-02,6E,-0.0006199255203314796
2008-03-17 to 2008-05-02,FGBM,-0.00042054415547504665
2008-03-17 to 2008-05-02,SJB,-0.00035066210444636634
2008-03-17 to 2008-05-02,SXF,-0.00030231892872201844
2008-03-17 to 2008-05-02,6A,-0.00027787640242589787
2008-03-17 to 2008-05-02,FGBL,-0.00024826635140362996
2008-03-17 to 2008-05-02,NG,-0.00020208974756015258
2008-03-17 to 2008-05-02,FGBS,-0.00011574622653910373
2008-03-17 to 2008-05-02,GAS,-9.590376020829187e-05
2008-03-17 to 2008-05-02,ZM,7.987539050000351e-05
2008-03-17 to 2008-05-02,LE,0.0001833342096710789
2008-03-17 to 2008-05-02,HO,0.0002114904559627757
2008-03-17 to 2008-05-02,HG,0.00048356194806700194
2008-03-17 to 2008-05-02,BRN,0.0005732430809556677
2008-03-17 to 2008-05-02,RB,0.0008494411644312821
2008-03-17 to 2008-05-02,ZC,0.0010228337752063756
2008-03-17 to 2008-05-02,FGBX,0.0010666374309150906
2008-03-17 to 2008-05-02,HTW,0.0013948610940948108
2008-03-17 to 2008-05-02,GF,0.0016420497925923139
2008-03-17 to 2008-05-02,6M,0.003896168233570716
2004-04-02 to 2004-07-26,ZM,-0.004670933538015707
2004-04-02 to 2004-07-26,ZS,-0.004243087285325123
2004-04-02 to 2004-07-26,ZC,-0.003826044424824725
2004-04-02 to 2004-07-26,RS,-0.0035126831582660504
2004-04-02 to 2004-07-26,ZT,-0.00344100056733461
2004-04-02 to 2004-07-26,RTY,-0.003304984368358146
2004-04-02 to 2004-07-26,CC,-0.0032393911978751072
2004-04-02 to 2004-07-26,FGBL,-0.0030692337556058407
2004-04-02 to 2004-07-26,KC,-0.0029031894190070496
2004-04-02 to 2004-07-26,ZL,-0.002902570195386341
2004-04-02 to 2004-07-26,ZB,-0.00289287062965431
2004-04-02 to 2004-07-26,ZF,-0.0028774861772373614
2004-04-02 to 2004-07-26,EMD,-0.0025489178457774398
2004-04-02 to 2004-07-26,SI,-0.002344883595774897
2004-04-02 to 2004-07-26,YM,-0.0022979512683911924
2004-04-02 to 2004-07-26,GC,-0.0022964730478139354
2004-04-02 to 2004-07-26,SXF,-0.0022794266826711585
2004-04-02 to 2004-07-26,6J,-0.002132247798100134
2004-04-02 to 2004-07-26,FGBM,-0.002084937349136628
2004-04-02 to 2004-07-26,SB,-0.001897196497925463
2004-04-02 to 2004-07-26,ES,-0.001870328584948058
2004-04-02 to 2004-07-26,FDAX,-0.0018671213182095338
2004-04-02 to 2004-07-26,FESX,-0.0018445373130206097
2004-04-02 to 2004-07-26,NQ,-0.001805407130934889
2004-04-02 to 2004-07-26,FSMI,-0.00175932635493297
2004-04-02 to 2004-07-26,HTW,-0.0017030229200634768
2004-04-02 to 2004-07-26,FCE,-0.0014456813458136497
2004-04-02 to 2004-07-26,KE,-0.0012785598588506216
2004-04-02 to 2004-07-26,FGBS,-0.0012765862775061185
2004-04-02 to 2004-07-26,ZN,-0.0012387101132385965
2004-04-02 to 2004-07-26,6A,-0.0011535205924599469
2004-04-02 to 2004-07-26,SNK,-0.0010424883438212697
2004-04-02 to 2004-07-26,HG,-0.0009512373038534541
2004-04-02 to 2004-07-26,NKD,-0.0009106765093171241
2004-04-02 to 2004-07-26,6M,-0.0008366863429633263
2004-04-02 to 2004-07-26,LFT,-0.0007318708353250844
2004-04-02 to 2004-07-26,PA,-0.0006417483778482708
2004-04-02 to 2004-07-26,6E,-0.0003417193199760615
2004-04-02 to 2004-07-26,CGB,-0.0002502872691846792
2004-04-02 to 2004-07-26,YAP,-0.00011747857147034209
2004-04-02 to 2004-07-26,6C,-8.878197021891223e-05
2004-04-02 to 2004-07-26,6S,-3.6280089227523575e-05
2004-04-02 to 2004-07-26,NG,-2.6196642717870114e-05
2004-04-02 to 2004-07-26,6N,0.0
2004-04-02 to 2004-07-26,FGBX,0.0
2004-04-02 to 2004-07-26,LLG,0.0
2004-04-02 to 2004-07-26,RB,0.0
2004-04-02 to 2004-07-26,PL,0.00023649441490929048
2004-04-02 to 2004-07-26,6B,0.000508576719432071
2004-04-02 to 2004-07-26,SJB,0.0008462392358020675
2004-04-02 to 2004-07-26,HE,0.0014094306920722057
2004-04-02 to 2004-07-26,HO,0.0015771563501222026
2004-04-02 to 2004-07-26,ZW,0.0021643949287535706
2004-04-02 to 2004-07-26,BRN,0.002219808044365902
2004-04-02 to 2004-07-26,GAS,0.0024578847145366746
2004-04-02 to 2004-07-26,LE,0.002688916176224759
2004-04-02 to 2004-07-26,CL,0.0031295097141297097
2004-04-02 to 2004-07-26,CT,0.004050917988727487
2004-04-02 to 2004-07-26,GF,0.007598297624268597
