symbol,asset_class,first_model_price,last_model_price,calendar_rows,model_price_rows,model_price_missing_fraction,forecast_rows,position_sessions,rebalance_sessions,executed_rolls,gross_pnl_usd,modeled_cost_usd
EMD,Equity indices,2002-01-28,2014-12-31,9683,3373,0.6516575441495405,2660,2134,74,34,467401.0,7602.223867392712
ES,Equity indices,1997-09-09,2014-12-31,9683,4517,0.5335123412165651,3769,3067,110,50,730777.0,13873.64268246967
FCE,Equity indices,1988-08-18,2014-12-31,9683,6880,0.28947640194154706,6405,3286,106,151,456433.11649999995,24185.539958944628
FDAX,Equity indices,1999-01-04,2014-12-31,9683,4173,0.5690385211194877,3857,2534,68,40,554952.4107499998,3520.0703091276973
FESX,Equity indices,1999-03-26,2014-12-31,9683,4114,0.5751316740679542,3798,3389,118,53,419379.15100000007,21525.84889058134
FSMI,Equity indices,1999-01-04,2014-12-31,9683,4173,0.5690385211194877,3768,3193,109,48,767552.2099999998,15892.664775768742
HTW,Equity indices,1997-01-09,2014-12-31,9683,4690,0.5156459774863162,4239,3546,125,163,202252.99999999997,41026.296525534664
LFT,Equity indices,1994-10-11,2014-12-31,9683,5277,0.4550242693380151,4843,3571,110,55,385166.855,8808.095325111024
NKD,Equity indices,1990-09-25,2014-12-31,9683,6332,0.3460704327171331,5272,3371,126,50,600575.0,18449.513237975923
NQ,Equity indices,1999-06-21,2014-12-31,9683,4053,0.5814313745739956,3577,2898,102,43,509882.8,10764.136393580746
RTY,Equity indices,2001-10-23,2014-12-31,9683,3442,0.6445316534131984,2869,2152,77,35,425510.0,9172.976208080325
SNK,Equity indices,1989-09-21,2014-12-31,9683,6595,0.3189094288960033,6275,4706,164,65,557947.8049999999,25484.742689661784
SXF,Equity indices,1999-09-07,2014-12-31,9683,3997,0.5872147061860994,3415,2874,87,45,443098.2779999998,12035.923576587584
YAP,Equity indices,1983-02-16,2014-12-31,9683,8316,0.1411752556026025,7998,5697,178,89,507953.13225,23162.26382129851
YM,Equity indices,2002-04-05,2014-12-31,9683,3324,0.6567179593101311,2705,2261,79,35,532890.0,9830.471649937639
CGB,Government bonds,1996-10-02,2014-12-31,9683,4761,0.5083135391923991,4400,3951,136,62,422244.39899999957,25686.631979513557
FGBL,Government bonds,1999-01-04,2014-12-31,9683,4173,0.5690385211194877,3857,3437,124,47,842308.2749999999,19080.157316562058
FGBM,Government bonds,1999-02-01,2014-12-31,9683,4153,0.571103996695239,3793,3370,134,48,699791.6539999997,35168.88560191317
FGBS,Government bonds,1999-01-20,2014-12-31,9683,4161,0.5702778064649385,3690,3216,130,49,531964.092,72715.60691591901
FGBX,Government bonds,2005-09-12,2014-12-31,9683,2428,0.7492512651037901,2112,1978,66,30,542939.0459999999,13515.90050240979
LLG,Government bonds,1988-02-23,2014-12-31,9683,7007,0.2763606320355262,6545,5565,161,86,540776.6529999999,20986.725112723252
SJB,Government bonds,1998-12-10,2014-12-31,9683,4190,0.5672828668800991,3723,3302,128,46,601927.6849999996,51760.62090354459
ZT,Government bonds,1990-06-22,2014-12-31,9683,6399,0.3391510895383662,5901,4824,166,71,563913.4920000023,66382.34443436902
ZF,Government bonds,1988-05-20,2014-12-31,9683,6944,0.28286688009914285,6548,5428,179,82,526640.5180000003,29590.743508751344
ZN,Government bonds,1982-05-03,2014-12-31,9683,8523,0.11979758339357637,8056,5475,171,83,500985.875,29398.26783320005
ZB,Government bonds,1978-03-10,2014-12-31,9683,9604,0.008158628524217702,9188,5326,131,83,457146.88,25557.02991810899
6A,FX,1987-01-13,2014-12-31,9683,7297,0.2464112361871321,4960,4371,146,66,258859.99999999974,14489.859487162179
6B,FX,1979-03-20,2014-12-31,9683,9337,0.03573272746049778,8823,5201,165,80,-496762.4999999993,17052.108245102572
6C,FX,1979-03-05,2014-12-31,9683,9348,0.034596715893834555,8564,5484,187,81,201179.99999999977,18843.636863519496
6E,FX,1999-01-04,2014-12-31,9683,4173,0.5690385211194877,3668,3056,96,48,1837.5000000002328,7212.03581584695
6J,FX,1979-05-01,2014-12-31,9683,9307,0.038830940824124756,8780,5232,162,85,868862.4999999992,11302.48394405591
6M,FX,1995-04-25,2014-12-31,9683,5137,0.4694825983682743,4821,4156,165,68,355332.49999999994,39001.51280880517
6N,FX,2005-09-19,2014-12-31,9683,2423,0.749767633997728,2045,1846,67,28,-60140.00000000042,9653.573088703986
6S,FX,1979-03-20,2014-12-31,9683,9337,0.03573272746049778,8642,4920,144,76,250424.99999999985,12868.2695419227
BRN,Energy,1988-06-23,2014-12-31,9683,6920,0.2853454507900444,6379,5617,169,258,738970.0,30260.79270154339
CL,Energy,1983-03-30,2014-12-31,9683,8286,0.14427346896622947,7773,5636,153,259,103939.99999999977,26648.113594496863
GAS,Energy,1988-11-10,2014-12-31,9683,6820,0.295672828668801,6420,5723,173,263,853475.0,67908.90362764591
HO,Energy,1978-11-15,2014-12-31,9683,9426,0.02654136114840442,8838,5610,152,260,405564.6000000001,15457.433712704666
NG,Energy,1990-04-03,2014-12-31,9683,6457,0.3331612103686874,5978,5136,145,236,106500.0,19515.725163643852
RB,Energy,2005-10-03,2014-12-31,9683,2413,0.7508003717856037,2097,1825,57,84,-24057.59999999999,4476.616764493352
GC,Metals,1978-03-30,2014-12-31,9683,9590,0.009604461427243622,9018,5071,152,101,638430.0,17600.337890792416
HG,Metals,1978-04-27,2014-12-31,9683,9570,0.01166993700299494,9180,5442,150,98,416975.0,19784.33010293255
PA,Metals,1981-10-05,2014-12-31,9683,8673,0.1043065165754415,2173,1957,71,31,231830.00000000015,8108.856505767073
PL,Metals,1978-05-15,2014-12-31,9683,9558,0.01290922234844573,7586,3930,131,56,117244.99999999991,10771.607064125932
SI,Metals,1978-04-27,2014-12-31,9683,9570,0.01166993700299494,9229,4390,138,87,490180.0000000001,24388.165747438063
CC,Agriculture & livestock,1979-12-19,2014-12-31,9683,9141,0.055974388102860685,8727,5936,219,113,-341310.0,41447.180780837065
CT,Agriculture & livestock,1978-09-19,2014-12-31,9683,9467,0.02230713621811422,9024,5894,172,87,300725.0,14053.271753952562
GF,Agriculture & livestock,1979-01-22,2014-12-31,9683,9378,0.03149850253020758,8868,5699,182,177,934262.5000000002,55340.3597585994
HE,Agriculture & livestock,1978-11-14,2014-12-31,9683,9427,0.026438087369616853,9106,6258,178,167,716250.0,43255.79925098556
KC,Agriculture & livestock,1978-12-14,2014-12-31,9683,9405,0.028710110502943302,8945,5603,159,107,23625.00000000019,22437.631800714444
KE,Agriculture & livestock,1979-04-23,2014-12-31,9683,9313,0.03821129815139936,8960,5704,168,108,179775.0,30888.295168356082
LE,Agriculture & livestock,1978-10-23,2014-12-31,9683,9443,0.0247857069090158,9088,6125,197,139,407280.0000000009,46057.79911687756
RS,Agriculture & livestock,1980-11-18,2014-12-31,9683,8902,0.08065682123308891,8437,5630,232,102,43305.80119999994,73154.30785911554
SB,Agriculture & livestock,1978-10-17,2014-12-31,9683,9447,0.024372611793865538,8920,5779,178,91,590643.2000000001,35405.553705033664
ZC,Agriculture & livestock,1978-01-04,2014-12-31,9683,9651,0.0033047609212021067,9075,5697,191,109,206750.0,45345.00410379573
ZL,Agriculture & livestock,1978-01-17,2014-12-31,9683,9642,0.004234224930290199,9277,5650,203,172,218651.99999999988,40148.35789210319
ZM,Agriculture & livestock,1978-01-25,2014-12-31,9683,9636,0.0048538676030155945,9126,5590,173,172,177090.00000000003,37582.27168700339
ZS,Agriculture & livestock,1977-11-21,2014-12-31,9683,9683,0.0,9023,5423,166,147,-71700.0,28309.932971938862
ZW,Agriculture & livestock,1978-01-05,2014-12-31,9683,9650,0.0034080346999896725,9049,5633,178,107,48737.5,30160.939425372628
